Tool Name,Slug,Category,Review URL,Primary Keyword,Primary Volume,Primary CPC,Primary Competition,Secondary Keywords,Total Volume,Opportunity Score,Implementation Status
"Looka",looka,"Social Media",https://www.siteoptz.ai/reviews/looka,"looka review",0,0.00,"unknown","looka pricing (0); looka features (0); looka vs competitors (0); looka alternatives (0); best social media tools (0); looka tutorial (0); looka use cases (0); looka comparison (0); looka for business (0)",0,0,Pending
"Veo",veo,"Video Generation",https://www.siteoptz.ai/reviews/veo,"veo review",0,0.00,"unknown","veo pricing (0); veo features (0); veo vs competitors (0); veo alternatives (0); best video generation tools (0); veo tutorial (0); veo use cases (0); veo comparison (0); veo for business (0)",0,0,Pending
"Fathom",fathom,"Productivity",https://www.siteoptz.ai/reviews/fathom,"fathom review",0,0.00,"unknown","fathom pricing (0); fathom features (0); fathom vs competitors (0); fathom alternatives (0); best productivity tools (0); fathom tutorial (0); fathom use cases (0); fathom comparison (0); fathom for business (0)",0,0,Pending
"Rytr",rytr,"Content Creation",https://www.siteoptz.ai/reviews/rytr,"rytr review",0,0.00,"unknown","rytr pricing (0); rytr features (0); rytr vs competitors (0); rytr alternatives (0); best content creation tools (0); rytr tutorial (0); rytr use cases (0); rytr comparison (0); rytr for business (0)",0,0,Pending
"n8n",n8n,"AI Automation",https://www.siteoptz.ai/reviews/n8n,"n8n review",0,0.00,"unknown","n8n pricing (0); n8n features (0); n8n vs competitors (0); n8n alternatives (0); best ai automation tools (0); n8n tutorial (0); n8n use cases (0); n8n comparison (0); n8n for business (0)",0,0,Pending
"Suno",suno,"Content Creation",https://www.siteoptz.ai/reviews/suno,"suno review",0,0.00,"unknown","suno pricing (0); suno features (0); suno vs competitors (0); suno alternatives (0); best content creation tools (0); suno tutorial (0); suno use cases (0); suno comparison (0); suno for business (0)",0,0,Pending
"Guru",guru,"Productivity",https://www.siteoptz.ai/reviews/guru,"guru review",0,0.00,"unknown","guru pricing (0); guru features (0); guru vs competitors (0); guru alternatives (0); best productivity tools (0); guru tutorial (0); guru use cases (0); guru comparison (0); guru for business (0)",0,0,Pending
"AdCreative.ai",adcreative-ai,"Social Media",https://www.siteoptz.ai/reviews/adcreative-ai,"adcreative.ai review",0,0.00,"unknown","adcreative.ai pricing (0); adcreative.ai features (0); adcreative.ai vs competitors (0); adcreative.ai alternatives (0); best social media tools (0); adcreative.ai tutorial (0); adcreative.ai use cases (0); adcreative.ai comparison (0); adcreative.ai for business (0)",0,0,Pending
"Make",make,"AI Automation",https://www.siteoptz.ai/reviews/make,"make review",0,0.00,"unknown","make pricing (0); make features (0); make vs competitors (0); make alternatives (0); best ai automation tools (0); make tutorial (0); make use cases (0); make comparison (0); make for business (0)",0,0,Pending
"Kickresume",kickresume,"Productivity",https://www.siteoptz.ai/reviews/kickresume,"kickresume review",0,0.00,"unknown","kickresume pricing (0); kickresume features (0); kickresume vs competitors (0); kickresume alternatives (0); best productivity tools (0); kickresume tutorial (0); kickresume use cases (0); kickresume comparison (0); kickresume for business (0)",0,0,Pending
"Google Search",google-search,"Productivity",https://www.siteoptz.ai/reviews/google-search,"google search review",0,0.00,"unknown","google search pricing (0); google search features (0); google search vs competitors (0); google search alternatives (0); best productivity tools (0); google search tutorial (0); google search use cases (0); google search comparison (0); google search for business (0)",0,0,Pending
"Sudowrite",sudowrite,"Content Creation",https://www.siteoptz.ai/reviews/sudowrite,"sudowrite review",0,0.00,"unknown","sudowrite pricing (0); sudowrite features (0); sudowrite vs competitors (0); sudowrite alternatives (0); best content creation tools (0); sudowrite tutorial (0); sudowrite use cases (0); sudowrite comparison (0); sudowrite for business (0)",0,0,Pending
"HubSpot Email Marketing Tools",hubspot-email-marketing-tools,"Email Marketing",https://www.siteoptz.ai/reviews/hubspot-email-marketing-tools,"hubspot email marketing tools review",0,0.00,"unknown","hubspot email marketing tools pricing (0); hubspot email marketing tools features (0); hubspot email marketing tools vs competitors (0); hubspot email marketing tools alternatives (0); best email marketing tools (0); hubspot email marketing tools tutorial (0); hubspot email marketing tools use cases (0); hubspot email marketing tools comparison (0); hubspot email marketing tools for business (0)",0,0,Pending
"Gamma",gamma,"Social Media",https://www.siteoptz.ai/reviews/gamma,"gamma review",0,0.00,"unknown","gamma pricing (0); gamma features (0); gamma vs competitors (0); gamma alternatives (0); best social media tools (0); gamma tutorial (0); gamma use cases (0); gamma comparison (0); gamma for business (0)",0,0,Pending
"Clockwise",clockwise,"Productivity",https://www.siteoptz.ai/reviews/clockwise,"clockwise review",0,0.00,"unknown","clockwise pricing (0); clockwise features (0); clockwise vs competitors (0); clockwise alternatives (0); best productivity tools (0); clockwise tutorial (0); clockwise use cases (0); clockwise comparison (0); clockwise for business (0)",0,0,Pending
"Microsoft PowerPoint",microsoft-powerpoint,"Productivity",https://www.siteoptz.ai/reviews/microsoft-powerpoint,"microsoft powerpoint review",0,0.00,"unknown","microsoft powerpoint pricing (0); microsoft powerpoint features (0); microsoft powerpoint vs competitors (0); microsoft powerpoint alternatives (0); best productivity tools (0); microsoft powerpoint tutorial (0); microsoft powerpoint use cases (0); microsoft powerpoint comparison (0); microsoft powerpoint for business (0)",0,0,Pending
"Lanta AI",lanta-ai,"Video Generation",https://www.siteoptz.ai/reviews/lanta-ai,"lanta ai review",0,0.00,"unknown","lanta ai pricing (0); lanta ai features (0); lanta ai vs competitors (0); lanta ai alternatives (0); best video generation tools (0); lanta ai tutorial (0); lanta ai use cases (0); lanta ai comparison (0); lanta ai for business (0)",0,0,Pending
"Teal",teal,"Productivity",https://www.siteoptz.ai/reviews/teal,"teal review",0,0.00,"unknown","teal pricing (0); teal features (0); teal vs competitors (0); teal alternatives (0); best productivity tools (0); teal tutorial (0); teal use cases (0); teal comparison (0); teal for business (0)",0,0,Pending
"Fyxer",fyxer,"Productivity",https://www.siteoptz.ai/reviews/fyxer,"fyxer review",0,0.00,"unknown","fyxer pricing (0); fyxer features (0); fyxer vs competitors (0); fyxer alternatives (0); best productivity tools (0); fyxer tutorial (0); fyxer use cases (0); fyxer comparison (0); fyxer for business (0)",0,0,Pending
"Nyota",nyota,"Productivity",https://www.siteoptz.ai/reviews/nyota,"nyota review",0,0.00,"unknown","nyota pricing (0); nyota features (0); nyota vs competitors (0); nyota alternatives (0); best productivity tools (0); nyota tutorial (0); nyota use cases (0); nyota comparison (0); nyota for business (0)",0,0,Pending
"Lovable",lovable,"Code Generation",https://www.siteoptz.ai/reviews/lovable,"lovable review",0,0.00,"unknown","lovable pricing (0); lovable features (0); lovable vs competitors (0); lovable alternatives (0); best code generation tools (0); lovable tutorial (0); lovable use cases (0); lovable comparison (0); lovable for business (0)",0,0,Pending
"Udio",udio,"Content Creation",https://www.siteoptz.ai/reviews/udio,"udio review",0,0.00,"unknown","udio pricing (0); udio features (0); udio vs competitors (0); udio alternatives (0); best content creation tools (0); udio tutorial (0); udio use cases (0); udio comparison (0); udio for business (0)",0,0,Pending
"Reclaim.ai",reclaim-ai,"Productivity",https://www.siteoptz.ai/reviews/reclaim-ai,"reclaim.ai review",0,0.00,"unknown","reclaim.ai pricing (0); reclaim.ai features (0); reclaim.ai vs competitors (0); reclaim.ai alternatives (0); best productivity tools (0); reclaim.ai tutorial (0); reclaim.ai use cases (0); reclaim.ai comparison (0); reclaim.ai for business (0)",0,0,Pending
"Shortwave",shortwave,"Email Marketing",https://www.siteoptz.ai/reviews/shortwave,"shortwave review",0,0.00,"unknown","shortwave pricing (0); shortwave features (0); shortwave vs competitors (0); shortwave alternatives (0); best email marketing tools (0); shortwave tutorial (0); shortwave use cases (0); shortwave comparison (0); shortwave for business (0)",0,0,Pending
"LockedIn AI",lockedin-ai,"Productivity",https://www.siteoptz.ai/reviews/lockedin-ai,"lockedin ai review",0,0.00,"unknown","lockedin ai pricing (0); lockedin ai features (0); lockedin ai vs competitors (0); lockedin ai alternatives (0); best productivity tools (0); lockedin ai tutorial (0); lockedin ai use cases (0); lockedin ai comparison (0); lockedin ai for business (0)",0,0,Pending
"Grok",grok,"AI Automation",https://www.siteoptz.ai/reviews/grok,"grok review",0,0.00,"unknown","grok pricing (0); grok features (0); grok vs competitors (0); grok alternatives (0); best ai automation tools (0); grok tutorial (0); grok use cases (0); grok comparison (0); grok for business (0)",0,0,Pending
"AirOps",airops,"SEO & Optimization",https://www.siteoptz.ai/reviews/airops,"airops review",0,0.00,"unknown","airops pricing (0); airops features (0); airops vs competitors (0); airops alternatives (0); best seo & optimization tools (0); airops tutorial (0); airops use cases (0); airops comparison (0); airops for business (0)",0,0,Pending
"Deep Research",deep-research,"Research & Education",https://www.siteoptz.ai/reviews/deep-research,"deep research review",0,0.00,"unknown","deep research pricing (0); deep research features (0); deep research vs competitors (0); deep research alternatives (0); best research & education tools (0); deep research tutorial (0); deep research use cases (0); deep research comparison (0); deep research for business (0)",0,0,Pending
"VideoTube",videotube-ai,"Video Generation",https://www.siteoptz.ai/reviews/videotube-ai,"videotube review",0,0.00,"unknown","videotube pricing (0); videotube features (0); videotube vs competitors (0); videotube alternatives (0); best video generation tools (0); videotube tutorial (0); videotube use cases (0); videotube comparison (0); videotube for business (0)",0,0,Pending
"Macaron AI",macaron-ai,"AI Automation",https://www.siteoptz.ai/reviews/macaron-ai,"macaron ai review",0,0.00,"unknown","macaron ai pricing (0); macaron ai features (0); macaron ai vs competitors (0); macaron ai alternatives (0); best ai automation tools (0); macaron ai tutorial (0); macaron ai use cases (0); macaron ai comparison (0); macaron ai for business (0)",0,0,Pending
"ElevenLabs",elevenlabs,"Best Voice AI Tools",https://www.siteoptz.ai/reviews/elevenlabs,"elevenlabs review",0,0.00,"unknown","elevenlabs pricing (0); elevenlabs features (0); elevenlabs vs competitors (0); elevenlabs alternatives (0); best best voice ai tools tools (0); elevenlabs tutorial (0); elevenlabs use cases (0); elevenlabs comparison (0); elevenlabs for business (0)",0,0,Pending
"Explee",explee-ai,"Productivity",https://www.siteoptz.ai/reviews/explee-ai,"explee review",0,0.00,"unknown","explee pricing (0); explee features (0); explee vs competitors (0); explee alternatives (0); best productivity tools (0); explee tutorial (0); explee use cases (0); explee comparison (0); explee for business (0)",0,0,Pending
"Murph AI",murph-ai,"Best Voice AI Tools",https://www.siteoptz.ai/reviews/murph-ai,"murph ai review",0,0.00,"unknown","murph ai pricing (0); murph ai features (0); murph ai vs competitors (0); murph ai alternatives (0); best best voice ai tools tools (0); murph ai tutorial (0); murph ai use cases (0); murph ai comparison (0); murph ai for business (0)",0,0,Pending
"Play.ht",play-ht,"Best Voice AI Tools",https://www.siteoptz.ai/reviews/play-ht,"play.ht review",0,0.00,"unknown","play.ht pricing (0); play.ht features (0); play.ht vs competitors (0); play.ht alternatives (0); best best voice ai tools tools (0); play.ht tutorial (0); play.ht use cases (0); play.ht comparison (0); play.ht for business (0)",0,0,Pending
"Synthesys",synthesys,"Best Voice AI Tools",https://www.siteoptz.ai/reviews/synthesys,"synthesys review",0,0.00,"unknown","synthesys pricing (0); synthesys features (0); synthesys vs competitors (0); synthesys alternatives (0); best best voice ai tools tools (0); synthesys tutorial (0); synthesys use cases (0); synthesys comparison (0); synthesys for business (0)",0,0,Pending
"Wellsaid Labs",wellsaid-labs,"Best Voice AI Tools",https://www.siteoptz.ai/reviews/wellsaid-labs,"wellsaid labs review",0,0.00,"unknown","wellsaid labs pricing (0); wellsaid labs features (0); wellsaid labs vs competitors (0); wellsaid labs alternatives (0); best best voice ai tools tools (0); wellsaid labs tutorial (0); wellsaid labs use cases (0); wellsaid labs comparison (0); wellsaid labs for business (0)",0,0,Pending
"Amazon CodeWhisperer",amazon-codewhisperer,"Code Generation",https://www.siteoptz.ai/reviews/amazon-codewhisperer,"amazon codewhisperer review",0,0.00,"unknown","amazon codewhisperer pricing (0); amazon codewhisperer features (0); amazon codewhisperer vs competitors (0); amazon codewhisperer alternatives (0); best code generation tools (0); amazon codewhisperer tutorial (0); amazon codewhisperer use cases (0); amazon codewhisperer comparison (0); amazon codewhisperer for business (0)",0,0,Pending
"Cursor",cursor,"Code Generation",https://www.siteoptz.ai/reviews/cursor,"cursor review",0,0.00,"unknown","cursor pricing (0); cursor features (0); cursor vs competitors (0); cursor alternatives (0); best code generation tools (0); cursor tutorial (0); cursor use cases (0); cursor comparison (0); cursor for business (0)",0,0,Pending
"GitHub Copilot",github-copilot,"Code Generation",https://www.siteoptz.ai/reviews/github-copilot,"github copilot review",0,0.00,"unknown","github copilot pricing (0); github copilot features (0); github copilot vs competitors (0); github copilot alternatives (0); best code generation tools (0); github copilot tutorial (0); github copilot use cases (0); github copilot comparison (0); github copilot for business (0)",0,0,Pending
"Tabnine",tabnine,"Code Generation",https://www.siteoptz.ai/reviews/tabnine,"tabnine review",0,0.00,"unknown","tabnine pricing (0); tabnine features (0); tabnine vs competitors (0); tabnine alternatives (0); best code generation tools (0); tabnine tutorial (0); tabnine use cases (0); tabnine comparison (0); tabnine for business (0)",0,0,Pending
"Hugging Face",huggingface-transformers,"Code Generation",https://www.siteoptz.ai/reviews/huggingface-transformers,"hugging face review",0,0.00,"unknown","hugging face pricing (0); hugging face features (0); hugging face vs competitors (0); hugging face alternatives (0); best code generation tools (0); hugging face tutorial (0); hugging face use cases (0); hugging face comparison (0); hugging face for business (0)",0,0,Pending
"Replit Ghost",replit-ghost,"Code Generation",https://www.siteoptz.ai/reviews/replit-ghost,"replit ghost review",0,0.00,"unknown","replit ghost pricing (0); replit ghost features (0); replit ghost vs competitors (0); replit ghost alternatives (0); best code generation tools (0); replit ghost tutorial (0); replit ghost use cases (0); replit ghost comparison (0); replit ghost for business (0)",0,0,Pending
"ChatGPT",chatgpt,"Content Creation",https://www.siteoptz.ai/reviews/chatgpt,"chatgpt review",0,0.00,"unknown","chatgpt pricing (0); chatgpt features (0); chatgpt vs competitors (0); chatgpt alternatives (0); best content creation tools (0); chatgpt tutorial (0); chatgpt use cases (0); chatgpt comparison (0); chatgpt for business (0)",0,0,Pending
"Character.AI",anthropic-chatgpt-alternative,"Image Generation",https://www.siteoptz.ai/reviews/anthropic-chatgpt-alternative,"character.ai review",0,0.00,"unknown","character.ai pricing (0); character.ai features (0); character.ai vs competitors (0); character.ai alternatives (0); best image generation tools (0); character.ai tutorial (0); character.ai use cases (0); character.ai comparison (0); character.ai for business (0)",0,0,Pending
"Anthropic Claude",anthropic-claude,"Content Creation",https://www.siteoptz.ai/reviews/anthropic-claude,"anthropic claude review",0,0.00,"unknown","anthropic claude pricing (0); anthropic claude features (0); anthropic claude vs competitors (0); anthropic claude alternatives (0); best content creation tools (0); anthropic claude tutorial (0); anthropic claude use cases (0); anthropic claude comparison (0); anthropic claude for business (0)",0,0,Pending
"Cohere",cohere-ai,"Content Creation",https://www.siteoptz.ai/reviews/cohere-ai,"cohere review",0,0.00,"unknown","cohere pricing (0); cohere features (0); cohere vs competitors (0); cohere alternatives (0); best content creation tools (0); cohere tutorial (0); cohere use cases (0); cohere comparison (0); cohere for business (0)",0,0,Pending
"Copy.ai",copy-ai,"Content Creation",https://www.siteoptz.ai/reviews/copy-ai,"copy.ai review",0,0.00,"unknown","copy.ai pricing (0); copy.ai features (0); copy.ai vs competitors (0); copy.ai alternatives (0); best content creation tools (0); copy.ai tutorial (0); copy.ai use cases (0); copy.ai comparison (0); copy.ai for business (0)",0,0,Pending
"Claude",claude,"Content Creation",https://www.siteoptz.ai/reviews/claude,"claude review",0,0.00,"unknown","claude pricing (0); claude features (0); claude vs competitors (0); claude alternatives (0); best content creation tools (0); claude tutorial (0); claude use cases (0); claude comparison (0); claude for business (0)",0,0,Pending
"GPT-4",openai-gpt4,"Content Creation",https://www.siteoptz.ai/reviews/openai-gpt4,"gpt-4 review",0,0.00,"unknown","gpt-4 pricing (0); gpt-4 features (0); gpt-4 vs competitors (0); gpt-4 alternatives (0); best content creation tools (0); gpt-4 tutorial (0); gpt-4 use cases (0); gpt-4 comparison (0); gpt-4 for business (0)",0,0,Pending
"Jasper",jasper,"Content Creation",https://www.siteoptz.ai/reviews/jasper,"jasper review",0,0.00,"unknown","jasper pricing (0); jasper features (0); jasper vs competitors (0); jasper alternatives (0); best content creation tools (0); jasper tutorial (0); jasper use cases (0); jasper comparison (0); jasper for business (0)",0,0,Pending
"Jasper AI",jasper-ai,"Content Creation",https://www.siteoptz.ai/reviews/jasper-ai,"jasper ai review",0,0.00,"unknown","jasper ai pricing (0); jasper ai features (0); jasper ai vs competitors (0); jasper ai alternatives (0); best content creation tools (0); jasper ai tutorial (0); jasper ai use cases (0); jasper ai comparison (0); jasper ai for business (0)",0,0,Pending
"Writesonic",writesonic,"SEO & Optimization",https://www.siteoptz.ai/reviews/writesonic,"writesonic review",0,0.00,"unknown","writesonic pricing (0); writesonic features (0); writesonic vs competitors (0); writesonic alternatives (0); best seo & optimization tools (0); writesonic tutorial (0); writesonic use cases (0); writesonic comparison (0); writesonic for business (0)",0,0,Pending
"ChatGPT Enterprise",chatgpt-enterprise,"Data Analysis",https://www.siteoptz.ai/reviews/chatgpt-enterprise,"chatgpt enterprise review",0,0.00,"unknown","chatgpt enterprise pricing (0); chatgpt enterprise features (0); chatgpt enterprise vs competitors (0); chatgpt enterprise alternatives (0); best data analysis tools (0); chatgpt enterprise tutorial (0); chatgpt enterprise use cases (0); chatgpt enterprise comparison (0); chatgpt enterprise for business (0)",0,0,Pending
"Looker",looker,"Data Analysis",https://www.siteoptz.ai/reviews/looker,"looker review",0,0.00,"unknown","looker pricing (0); looker features (0); looker vs competitors (0); looker alternatives (0); best data analysis tools (0); looker tutorial (0); looker use cases (0); looker comparison (0); looker for business (0)",0,0,Pending
"Qlik Sense",qlik-sense,"Data Analysis",https://www.siteoptz.ai/reviews/qlik-sense,"qlik sense review",0,0.00,"unknown","qlik sense pricing (0); qlik sense features (0); qlik sense vs competitors (0); qlik sense alternatives (0); best data analysis tools (0); qlik sense tutorial (0); qlik sense use cases (0); qlik sense comparison (0); qlik sense for business (0)",0,0,Pending
"Power BI",power-bi,"Data Analysis",https://www.siteoptz.ai/reviews/power-bi,"power bi review",0,0.00,"unknown","power bi pricing (0); power bi features (0); power bi vs competitors (0); power bi alternatives (0); best data analysis tools (0); power bi tutorial (0); power bi use cases (0); power bi comparison (0); power bi for business (0)",0,0,Pending
"Tableau AI",tableau-ai,"Data Analysis",https://www.siteoptz.ai/reviews/tableau-ai,"tableau ai review",0,0.00,"unknown","tableau ai pricing (0); tableau ai features (0); tableau ai vs competitors (0); tableau ai alternatives (0); best data analysis tools (0); tableau ai tutorial (0); tableau ai use cases (0); tableau ai comparison (0); tableau ai for business (0)",0,0,Pending
"Mailchimp AI",mailchimp-ai,"Email Marketing",https://www.siteoptz.ai/reviews/mailchimp-ai,"mailchimp ai review",0,0.00,"unknown","mailchimp ai pricing (0); mailchimp ai features (0); mailchimp ai vs competitors (0); mailchimp ai alternatives (0); best email marketing tools (0); mailchimp ai tutorial (0); mailchimp ai use cases (0); mailchimp ai comparison (0); mailchimp ai for business (0)",0,0,Pending
"HubSpot AI",hubspot-ai,"Email Marketing",https://www.siteoptz.ai/reviews/hubspot-ai,"hubspot ai review",0,0.00,"unknown","hubspot ai pricing (0); hubspot ai features (0); hubspot ai vs competitors (0); hubspot ai alternatives (0); best email marketing tools (0); hubspot ai tutorial (0); hubspot ai use cases (0); hubspot ai comparison (0); hubspot ai for business (0)",0,0,Pending
"Adobe Firefly",adobe-firefly,"Image Generation",https://www.siteoptz.ai/reviews/adobe-firefly,"adobe firefly review",0,0.00,"unknown","adobe firefly pricing (0); adobe firefly features (0); adobe firefly vs competitors (0); adobe firefly alternatives (0); best image generation tools (0); adobe firefly tutorial (0); adobe firefly use cases (0); adobe firefly comparison (0); adobe firefly for business (0)",0,0,Pending
"DALL-E",dall-e,"Image Generation",https://www.siteoptz.ai/reviews/dall-e,"dall-e review",0,0.00,"unknown","dall-e pricing (0); dall-e features (0); dall-e vs competitors (0); dall-e alternatives (0); best image generation tools (0); dall-e tutorial (0); dall-e use cases (0); dall-e comparison (0); dall-e for business (0)",0,0,Pending
"Leonardo.ai",leonardo-ai,"Image Generation",https://www.siteoptz.ai/reviews/leonardo-ai,"leonardo.ai review",0,0.00,"unknown","leonardo.ai pricing (0); leonardo.ai features (0); leonardo.ai vs competitors (0); leonardo.ai alternatives (0); best image generation tools (0); leonardo.ai tutorial (0); leonardo.ai use cases (0); leonardo.ai comparison (0); leonardo.ai for business (0)",0,0,Pending
"Canva AI",canva-ai,"Social Media",https://www.siteoptz.ai/reviews/canva-ai,"canva ai review",0,0.00,"unknown","canva ai pricing (0); canva ai features (0); canva ai vs competitors (0); canva ai alternatives (0); best social media tools (0); canva ai tutorial (0); canva ai use cases (0); canva ai comparison (0); canva ai for business (0)",0,0,Pending
"Midjourney v6",midjourney,"Image Generation",https://www.siteoptz.ai/reviews/midjourney,"midjourney v6 review",0,0.00,"unknown","midjourney v6 pricing (0); midjourney v6 features (0); midjourney v6 vs competitors (0); midjourney v6 alternatives (0); best image generation tools (0); midjourney v6 tutorial (0); midjourney v6 use cases (0); midjourney v6 comparison (0); midjourney v6 for business (0)",0,0,Pending
"Replicate",replicate-ai,"Code Generation",https://www.siteoptz.ai/reviews/replicate-ai,"replicate review",0,0.00,"unknown","replicate pricing (0); replicate features (0); replicate vs competitors (0); replicate alternatives (0); best code generation tools (0); replicate tutorial (0); replicate use cases (0); replicate comparison (0); replicate for business (0)",0,0,Pending
"Stable Diffusion",stable-diffusion,"Image Generation",https://www.siteoptz.ai/reviews/stable-diffusion,"stable diffusion review",0,0.00,"unknown","stable diffusion pricing (0); stable diffusion features (0); stable diffusion vs competitors (0); stable diffusion alternatives (0); best image generation tools (0); stable diffusion tutorial (0); stable diffusion use cases (0); stable diffusion comparison (0); stable diffusion for business (0)",0,0,Pending
"Microsoft Copilot",microsoft-copilot,"Productivity",https://www.siteoptz.ai/reviews/microsoft-copilot,"microsoft copilot review",0,0.00,"unknown","microsoft copilot pricing (0); microsoft copilot features (0); microsoft copilot vs competitors (0); microsoft copilot alternatives (0); best productivity tools (0); microsoft copilot tutorial (0); microsoft copilot use cases (0); microsoft copilot comparison (0); microsoft copilot for business (0)",0,0,Pending
"Stable Diffusion Web",stability-ai-stable-diffusion,"Image Generation",https://www.siteoptz.ai/reviews/stability-ai-stable-diffusion,"stable diffusion web review",0,0.00,"unknown","stable diffusion web pricing (0); stable diffusion web features (0); stable diffusion web vs competitors (0); stable diffusion web alternatives (0); best image generation tools (0); stable diffusion web tutorial (0); stable diffusion web use cases (0); stable diffusion web comparison (0); stable diffusion web for business (0)",0,0,Pending
"Grammarly",grammarly,"Productivity",https://www.siteoptz.ai/reviews/grammarly,"grammarly review",0,0.00,"unknown","grammarly pricing (0); grammarly features (0); grammarly vs competitors (0); grammarly alternatives (0); best productivity tools (0); grammarly tutorial (0); grammarly use cases (0); grammarly comparison (0); grammarly for business (0)",0,0,Pending
"Notion AI",notion-ai,"Productivity",https://www.siteoptz.ai/reviews/notion-ai,"notion ai review",0,0.00,"unknown","notion ai pricing (0); notion ai features (0); notion ai vs competitors (0); notion ai alternatives (0); best productivity tools (0); notion ai tutorial (0); notion ai use cases (0); notion ai comparison (0); notion ai for business (0)",0,0,Pending
"Zapier AI",zapier-ai,"AI Automation",https://www.siteoptz.ai/reviews/zapier-ai,"zapier ai review",0,0.00,"unknown","zapier ai pricing (0); zapier ai features (0); zapier ai vs competitors (0); zapier ai alternatives (0); best ai automation tools (0); zapier ai tutorial (0); zapier ai use cases (0); zapier ai comparison (0); zapier ai for business (0)",0,0,Pending
"Trello Butler",trello-butler,"Productivity",https://www.siteoptz.ai/reviews/trello-butler,"trello butler review",0,0.00,"unknown","trello butler pricing (0); trello butler features (0); trello butler vs competitors (0); trello butler alternatives (0); best productivity tools (0); trello butler tutorial (0); trello butler use cases (0); trello butler comparison (0); trello butler for business (0)",0,0,Pending
"ChatPDF",chatpdf,"Research & Education",https://www.siteoptz.ai/reviews/chatpdf,"chatpdf review",0,0.00,"unknown","chatpdf pricing (0); chatpdf features (0); chatpdf vs competitors (0); chatpdf alternatives (0); best research & education tools (0); chatpdf tutorial (0); chatpdf use cases (0); chatpdf comparison (0); chatpdf for business (0)",0,0,Pending
"Elicit",elicit,"Research & Education",https://www.siteoptz.ai/reviews/elicit,"elicit review",0,0.00,"unknown","elicit pricing (0); elicit features (0); elicit vs competitors (0); elicit alternatives (0); best research & education tools (0); elicit tutorial (0); elicit use cases (0); elicit comparison (0); elicit for business (0)",0,0,Pending
"Consensus",consensus,"Research & Education",https://www.siteoptz.ai/reviews/consensus,"consensus review",0,0.00,"unknown","consensus pricing (0); consensus features (0); consensus vs competitors (0); consensus alternatives (0); best research & education tools (0); consensus tutorial (0); consensus use cases (0); consensus comparison (0); consensus for business (0)",0,0,Pending
"Perplexity AI",perplexity-ai,"Research & Education",https://www.siteoptz.ai/reviews/perplexity-ai,"perplexity ai review",0,0.00,"unknown","perplexity ai pricing (0); perplexity ai features (0); perplexity ai vs competitors (0); perplexity ai alternatives (0); best research & education tools (0); perplexity ai tutorial (0); perplexity ai use cases (0); perplexity ai comparison (0); perplexity ai for business (0)",0,0,Pending
"scite.ai",scite-ai,"Research & Education",https://www.siteoptz.ai/reviews/scite-ai,"scite.ai review",0,0.00,"unknown","scite.ai pricing (0); scite.ai features (0); scite.ai vs competitors (0); scite.ai alternatives (0); best research & education tools (0); scite.ai tutorial (0); scite.ai use cases (0); scite.ai comparison (0); scite.ai for business (0)",0,0,Pending
"Ahrefs AI",ahrefs-ai,"SEO & Optimization",https://www.siteoptz.ai/reviews/ahrefs-ai,"ahrefs ai review",0,0.00,"unknown","ahrefs ai pricing (0); ahrefs ai features (0); ahrefs ai vs competitors (0); ahrefs ai alternatives (0); best seo & optimization tools (0); ahrefs ai tutorial (0); ahrefs ai use cases (0); ahrefs ai comparison (0); ahrefs ai for business (0)",0,0,Pending
"Frase",frase,"SEO & Optimization",https://www.siteoptz.ai/reviews/frase,"frase review",0,0.00,"unknown","frase pricing (0); frase features (0); frase vs competitors (0); frase alternatives (0); best seo & optimization tools (0); frase tutorial (0); frase use cases (0); frase comparison (0); frase for business (0)",0,0,Pending
"Semrush AI",semrush-ai,"SEO & Optimization",https://www.siteoptz.ai/reviews/semrush-ai,"semrush ai review",0,0.00,"unknown","semrush ai pricing (0); semrush ai features (0); semrush ai vs competitors (0); semrush ai alternatives (0); best seo & optimization tools (0); semrush ai tutorial (0); semrush ai use cases (0); semrush ai comparison (0); semrush ai for business (0)",0,0,Pending
"Surfer SEO",surfer-seo,"SEO & Optimization",https://www.siteoptz.ai/reviews/surfer-seo,"surfer seo review",0,0.00,"unknown","surfer seo pricing (0); surfer seo features (0); surfer seo vs competitors (0); surfer seo alternatives (0); best seo & optimization tools (0); surfer seo tutorial (0); surfer seo use cases (0); surfer seo comparison (0); surfer seo for business (0)",0,0,Pending
"Kapwing",kapwing,"Video Generation",https://www.siteoptz.ai/reviews/kapwing,"kapwing review",0,0.00,"unknown","kapwing pricing (0); kapwing features (0); kapwing vs competitors (0); kapwing alternatives (0); best video generation tools (0); kapwing tutorial (0); kapwing use cases (0); kapwing comparison (0); kapwing for business (0)",0,0,Pending
"Buffer AI",buffer-ai,"Social Media",https://www.siteoptz.ai/reviews/buffer-ai,"buffer ai review",0,0.00,"unknown","buffer ai pricing (0); buffer ai features (0); buffer ai vs competitors (0); buffer ai alternatives (0); best social media tools (0); buffer ai tutorial (0); buffer ai use cases (0); buffer ai comparison (0); buffer ai for business (0)",0,0,Pending
"Hootsuite AI",hootsuite-ai,"Social Media",https://www.siteoptz.ai/reviews/hootsuite-ai,"hootsuite ai review",0,0.00,"unknown","hootsuite ai pricing (0); hootsuite ai features (0); hootsuite ai vs competitors (0); hootsuite ai alternatives (0); best social media tools (0); hootsuite ai tutorial (0); hootsuite ai use cases (0); hootsuite ai comparison (0); hootsuite ai for business (0)",0,0,Pending
"Lumen5",lumen5,"Video Generation",https://www.siteoptz.ai/reviews/lumen5,"lumen5 review",0,0.00,"unknown","lumen5 pricing (0); lumen5 features (0); lumen5 vs competitors (0); lumen5 alternatives (0); best video generation tools (0); lumen5 tutorial (0); lumen5 use cases (0); lumen5 comparison (0); lumen5 for business (0)",0,0,Pending
"Runway ML",runway-ml,"Video Generation",https://www.siteoptz.ai/reviews/runway-ml,"runway ml review",0,0.00,"unknown","runway ml pricing (0); runway ml features (0); runway ml vs competitors (0); runway ml alternatives (0); best video generation tools (0); runway ml tutorial (0); runway ml use cases (0); runway ml comparison (0); runway ml for business (0)",0,0,Pending
"Pictory",pictory,"Video Generation",https://www.siteoptz.ai/reviews/pictory,"pictory review",0,0.00,"unknown","pictory pricing (0); pictory features (0); pictory vs competitors (0); pictory alternatives (0); best video generation tools (0); pictory tutorial (0); pictory use cases (0); pictory comparison (0); pictory for business (0)",0,0,Pending
"Synthesia",synthesia,"Video Generation",https://www.siteoptz.ai/reviews/synthesia,"synthesia review",0,0.00,"unknown","synthesia pricing (0); synthesia features (0); synthesia vs competitors (0); synthesia alternatives (0); best video generation tools (0); synthesia tutorial (0); synthesia use cases (0); synthesia comparison (0); synthesia for business (0)",0,0,Pending
"Gemini",gemini,"Data Analysis",https://www.siteoptz.ai/reviews/gemini,"gemini review",0,0.00,"unknown","gemini pricing (0); gemini features (0); gemini vs competitors (0); gemini alternatives (0); best data analysis tools (0); gemini tutorial (0); gemini use cases (0); gemini comparison (0); gemini for business (0)",0,0,Pending
"Optmyzr",optmyzr,"Paid Search & PPC",https://www.siteoptz.ai/reviews/optmyzr,"optmyzr review",0,0.00,"unknown","optmyzr pricing (0); optmyzr features (0); optmyzr vs competitors (0); optmyzr alternatives (0); best paid search & ppc tools (0); optmyzr tutorial (0); optmyzr use cases (0); optmyzr comparison (0); optmyzr for business (0)",0,0,Pending
"Adzooma",adzooma,"Paid Search & PPC",https://www.siteoptz.ai/reviews/adzooma,"adzooma review",0,0.00,"unknown","adzooma pricing (0); adzooma features (0); adzooma vs competitors (0); adzooma alternatives (0); best paid search & ppc tools (0); adzooma tutorial (0); adzooma use cases (0); adzooma comparison (0); adzooma for business (0)",0,0,Pending
"AdEspresso",adespresso,"Paid Search & PPC",https://www.siteoptz.ai/reviews/adespresso,"adespresso review",0,0.00,"unknown","adespresso pricing (0); adespresso features (0); adespresso vs competitors (0); adespresso alternatives (0); best paid search & ppc tools (0); adespresso tutorial (0); adespresso use cases (0); adespresso comparison (0); adespresso for business (0)",0,0,Pending
"Wordstream",wordstream,"Paid Search & PPC",https://www.siteoptz.ai/reviews/wordstream,"wordstream review",0,0.00,"unknown","wordstream pricing (0); wordstream features (0); wordstream vs competitors (0); wordstream alternatives (0); best paid search & ppc tools (0); wordstream tutorial (0); wordstream use cases (0); wordstream comparison (0); wordstream for business (0)",0,0,Pending
"Marin Software",marin-software,"Paid Search & PPC",https://www.siteoptz.ai/reviews/marin-software,"marin software review",0,0.00,"unknown","marin software pricing (0); marin software features (0); marin software vs competitors (0); marin software alternatives (0); best paid search & ppc tools (0); marin software tutorial (0); marin software use cases (0); marin software comparison (0); marin software for business (0)",0,0,Pending
"Descript",descript,"Best Voice AI Tools",https://www.siteoptz.ai/reviews/descript,"descript review",0,0.00,"unknown","descript pricing (0); descript features (0); descript vs competitors (0); descript alternatives (0); best best voice ai tools tools (0); descript tutorial (0); descript use cases (0); descript comparison (0); descript for business (0)",0,0,Pending
"Resemble AI",resemble-ai,"Best Voice AI Tools",https://www.siteoptz.ai/reviews/resemble-ai,"resemble ai review",0,0.00,"unknown","resemble ai pricing (0); resemble ai features (0); resemble ai vs competitors (0); resemble ai alternatives (0); best best voice ai tools tools (0); resemble ai tutorial (0); resemble ai use cases (0); resemble ai comparison (0); resemble ai for business (0)",0,0,Pending
"Speechify",speechify,"Best Voice AI Tools",https://www.siteoptz.ai/reviews/speechify,"speechify review",0,0.00,"unknown","speechify pricing (0); speechify features (0); speechify vs competitors (0); speechify alternatives (0); best best voice ai tools tools (0); speechify tutorial (0); speechify use cases (0); speechify comparison (0); speechify for business (0)",0,0,Pending
"Replica Studios",replica-studios,"Best Voice AI Tools",https://www.siteoptz.ai/reviews/replica-studios,"replica studios review",0,0.00,"unknown","replica studios pricing (0); replica studios features (0); replica studios vs competitors (0); replica studios alternatives (0); best best voice ai tools tools (0); replica studios tutorial (0); replica studios use cases (0); replica studios comparison (0); replica studios for business (0)",0,0,Pending
"Ahrefs",ahrefs,"SEO & Optimization",https://www.siteoptz.ai/reviews/ahrefs,"ahrefs review",0,0.00,"unknown","ahrefs pricing (0); ahrefs features (0); ahrefs vs competitors (0); ahrefs alternatives (0); best seo & optimization tools (0); ahrefs tutorial (0); ahrefs use cases (0); ahrefs comparison (0); ahrefs for business (0)",0,0,Pending
"Moz Pro",moz-pro,"SEO & Optimization",https://www.siteoptz.ai/reviews/moz-pro,"moz pro review",0,0.00,"unknown","moz pro pricing (0); moz pro features (0); moz pro vs competitors (0); moz pro alternatives (0); best seo & optimization tools (0); moz pro tutorial (0); moz pro use cases (0); moz pro comparison (0); moz pro for business (0)",0,0,Pending
"Semrush",semrush,"SEO & Optimization",https://www.siteoptz.ai/reviews/semrush,"semrush review",0,0.00,"unknown","semrush pricing (0); semrush features (0); semrush vs competitors (0); semrush alternatives (0); best seo & optimization tools (0); semrush tutorial (0); semrush use cases (0); semrush comparison (0); semrush for business (0)",0,0,Pending
"Screaming Frog SEO Spider",screaming-frog-seo-spider,"SEO & Optimization",https://www.siteoptz.ai/reviews/screaming-frog-seo-spider,"screaming frog seo spider review",0,0.00,"unknown","screaming frog seo spider pricing (0); screaming frog seo spider features (0); screaming frog seo spider vs competitors (0); screaming frog seo spider alternatives (0); best seo & optimization tools (0); screaming frog seo spider tutorial (0); screaming frog seo spider use cases (0); screaming frog seo spider comparison (0); screaming frog seo spider for business (0)",0,0,Pending
"Hootsuite",hootsuite,"Social Media",https://www.siteoptz.ai/reviews/hootsuite,"hootsuite review",0,0.00,"unknown","hootsuite pricing (0); hootsuite features (0); hootsuite vs competitors (0); hootsuite alternatives (0); best social media tools (0); hootsuite tutorial (0); hootsuite use cases (0); hootsuite comparison (0); hootsuite for business (0)",0,0,Pending
"Buffer",buffer,"Social Media",https://www.siteoptz.ai/reviews/buffer,"buffer review",0,0.00,"unknown","buffer pricing (0); buffer features (0); buffer vs competitors (0); buffer alternatives (0); best social media tools (0); buffer tutorial (0); buffer use cases (0); buffer comparison (0); buffer for business (0)",0,0,Pending
"Sprout Social",sprout-social,"Social Media",https://www.siteoptz.ai/reviews/sprout-social,"sprout social review",0,0.00,"unknown","sprout social pricing (0); sprout social features (0); sprout social vs competitors (0); sprout social alternatives (0); best social media tools (0); sprout social tutorial (0); sprout social use cases (0); sprout social comparison (0); sprout social for business (0)",0,0,Pending
"Later",later,"Social Media",https://www.siteoptz.ai/reviews/later,"later review",0,0.00,"unknown","later pricing (0); later features (0); later vs competitors (0); later alternatives (0); best social media tools (0); later tutorial (0); later use cases (0); later comparison (0); later for business (0)",0,0,Pending
"Acquisio",acquisio,"Paid Search & PPC",https://www.siteoptz.ai/reviews/acquisio,"acquisio review",0,0.00,"unknown","acquisio pricing (0); acquisio features (0); acquisio vs competitors (0); acquisio alternatives (0); best paid search & ppc tools (0); acquisio tutorial (0); acquisio use cases (0); acquisio comparison (0); acquisio for business (0)",0,0,Pending
"Adalysis",adalysis,"Paid Search & PPC",https://www.siteoptz.ai/reviews/adalysis,"adalysis review",0,0.00,"unknown","adalysis pricing (0); adalysis features (0); adalysis vs competitors (0); adalysis alternatives (0); best paid search & ppc tools (0); adalysis tutorial (0); adalysis use cases (0); adalysis comparison (0); adalysis for business (0)",0,0,Pending
"Deepgram",deepgram,"Best Voice AI Tools",https://www.siteoptz.ai/reviews/deepgram,"deepgram review",0,0.00,"unknown","deepgram pricing (0); deepgram features (0); deepgram vs competitors (0); deepgram alternatives (0); best best voice ai tools tools (0); deepgram tutorial (0); deepgram use cases (0); deepgram comparison (0); deepgram for business (0)",0,0,Pending
"Rev",rev,"Best Voice AI Tools",https://www.siteoptz.ai/reviews/rev,"rev review",0,0.00,"unknown","rev pricing (0); rev features (0); rev vs competitors (0); rev alternatives (0); best best voice ai tools tools (0); rev tutorial (0); rev use cases (0); rev comparison (0); rev for business (0)",0,0,Pending
"Speechmatics",speechmatics,"Best Voice AI Tools",https://www.siteoptz.ai/reviews/speechmatics,"speechmatics review",0,0.00,"unknown","speechmatics pricing (0); speechmatics features (0); speechmatics vs competitors (0); speechmatics alternatives (0); best best voice ai tools tools (0); speechmatics tutorial (0); speechmatics use cases (0); speechmatics comparison (0); speechmatics for business (0)",0,0,Pending
"Windsurf",windsurf,"Code Generation",https://www.siteoptz.ai/reviews/windsurf,"windsurf review",0,0.00,"unknown","windsurf pricing (0); windsurf features (0); windsurf vs competitors (0); windsurf alternatives (0); best code generation tools (0); windsurf tutorial (0); windsurf use cases (0); windsurf comparison (0); windsurf for business (0)",0,0,Pending
"Otter.ai",otterai,"Best Voice AI Tools",https://www.siteoptz.ai/reviews/otterai,"otter.ai review",0,0.00,"unknown","otter.ai pricing (0); otter.ai features (0); otter.ai vs competitors (0); otter.ai alternatives (0); best best voice ai tools tools (0); otter.ai tutorial (0); otter.ai use cases (0); otter.ai comparison (0); otter.ai for business (0)",0,0,Pending
"DataRobot",datarobot,"Data Analysis",https://www.siteoptz.ai/reviews/datarobot,"datarobot review",0,0.00,"unknown","datarobot pricing (0); datarobot features (0); datarobot vs competitors (0); datarobot alternatives (0); best data analysis tools (0); datarobot tutorial (0); datarobot use cases (0); datarobot comparison (0); datarobot for business (0)",0,0,Pending
"Mailchimp",mailchimp,"Email Marketing",https://www.siteoptz.ai/reviews/mailchimp,"mailchimp review",0,0.00,"unknown","mailchimp pricing (0); mailchimp features (0); mailchimp vs competitors (0); mailchimp alternatives (0); best email marketing tools (0); mailchimp tutorial (0); mailchimp use cases (0); mailchimp comparison (0); mailchimp for business (0)",0,0,Pending
"Flux",flux,"Image Generation",https://www.siteoptz.ai/reviews/flux,"flux review",0,0.00,"unknown","flux pricing (0); flux features (0); flux vs competitors (0); flux alternatives (0); best image generation tools (0); flux tutorial (0); flux use cases (0); flux comparison (0); flux for business (0)",0,0,Pending
"Trace AI",trace-ai,"Productivity",https://www.siteoptz.ai/reviews/trace-ai,"trace ai review",0,0.00,"unknown","trace ai pricing (0); trace ai features (0); trace ai vs competitors (0); trace ai alternatives (0); best productivity tools (0); trace ai tutorial (0); trace ai use cases (0); trace ai comparison (0); trace ai for business (0)",0,0,Pending
"UX Pilot",ux-pilot,"Design",https://www.siteoptz.ai/reviews/ux-pilot,"ux pilot review",0,0.00,"unknown","ux pilot pricing (0); ux pilot features (0); ux pilot vs competitors (0); ux pilot alternatives (0); best design tools (0); ux pilot tutorial (0); ux pilot use cases (0); ux pilot comparison (0); ux pilot for business (0)",0,0,Pending
"RunwayML",runwayml,"Video Generation",https://www.siteoptz.ai/reviews/runwayml,"runwayml review",0,0.00,"unknown","runwayml pricing (0); runwayml features (0); runwayml vs competitors (0); runwayml alternatives (0); best video generation tools (0); runwayml tutorial (0); runwayml use cases (0); runwayml comparison (0); runwayml for business (0)",0,0,Pending
"Paperpal",paperpal,"Content Creation",https://www.siteoptz.ai/reviews/paperpal,"paperpal review",0,0.00,"unknown","paperpal pricing (0); paperpal features (0); paperpal vs competitors (0); paperpal alternatives (0); best content creation tools (0); paperpal tutorial (0); paperpal use cases (0); paperpal comparison (0); paperpal for business (0)",0,0,Pending
"Castmagic",castmagic,"Content Creation",https://www.siteoptz.ai/reviews/castmagic,"castmagic review",0,0.00,"unknown","castmagic pricing (0); castmagic features (0); castmagic vs competitors (0); castmagic alternatives (0); best content creation tools (0); castmagic tutorial (0); castmagic use cases (0); castmagic comparison (0); castmagic for business (0)",0,0,Pending
"Kleap",kleap-ai,"Website Builder",https://www.siteoptz.ai/reviews/kleap-ai,"kleap review",0,0.00,"unknown","kleap pricing (0); kleap features (0); kleap vs competitors (0); kleap alternatives (0); best website builder tools (0); kleap tutorial (0); kleap use cases (0); kleap comparison (0); kleap for business (0)",0,0,Pending
"Fireflies",fireflies,"AI Automation",https://www.siteoptz.ai/reviews/fireflies,"fireflies review",0,0.00,"unknown","fireflies pricing (0); fireflies features (0); fireflies vs competitors (0); fireflies alternatives (0); best ai automation tools (0); fireflies tutorial (0); fireflies use cases (0); fireflies comparison (0); fireflies for business (0)",0,0,Pending
"Motion",motion,"AI Automation",https://www.siteoptz.ai/reviews/motion,"motion review",0,0.00,"unknown","motion pricing (0); motion features (0); motion vs competitors (0); motion alternatives (0); best ai automation tools (0); motion tutorial (0); motion use cases (0); motion comparison (0); motion for business (0)",0,0,Pending
"Amazon Alexa",amazon-alexa,"AI Automation",https://www.siteoptz.ai/reviews/amazon-alexa,"amazon alexa review",0,0.00,"unknown","amazon alexa pricing (0); amazon alexa features (0); amazon alexa vs competitors (0); amazon alexa alternatives (0); best ai automation tools (0); amazon alexa tutorial (0); amazon alexa use cases (0); amazon alexa comparison (0); amazon alexa for business (0)",0,0,Pending
"Manus",manus,"AI Automation",https://www.siteoptz.ai/reviews/manus,"manus review",0,0.00,"unknown","manus pricing (0); manus features (0); manus vs competitors (0); manus alternatives (0); best ai automation tools (0); manus tutorial (0); manus use cases (0); manus comparison (0); manus for business (0)",0,0,Pending
"ClickUp",clickup,"AI Automation",https://www.siteoptz.ai/reviews/clickup,"clickup review",0,0.00,"unknown","clickup pricing (0); clickup features (0); clickup vs competitors (0); clickup alternatives (0); best ai automation tools (0); clickup tutorial (0); clickup use cases (0); clickup comparison (0); clickup for business (0)",0,0,Pending
"Gumloop",gumloop,"AI Automation",https://www.siteoptz.ai/reviews/gumloop,"gumloop review",0,0.00,"unknown","gumloop pricing (0); gumloop features (0); gumloop vs competitors (0); gumloop alternatives (0); best ai automation tools (0); gumloop tutorial (0); gumloop use cases (0); gumloop comparison (0); gumloop for business (0)",0,0,Pending
"Jamie AI",jamie-ai,"Productivity",https://www.siteoptz.ai/reviews/jamie-ai,"jamie ai review",0,0.00,"unknown","jamie ai pricing (0); jamie ai features (0); jamie ai vs competitors (0); jamie ai alternatives (0); best productivity tools (0); jamie ai tutorial (0); jamie ai use cases (0); jamie ai comparison (0); jamie ai for business (0)",0,0,Pending
"Dream Machine",dream-machine,"Video Generation",https://www.siteoptz.ai/reviews/dream-machine,"dream machine review",0,0.00,"unknown","dream machine pricing (0); dream machine features (0); dream machine vs competitors (0); dream machine alternatives (0); best video generation tools (0); dream machine tutorial (0); dream machine use cases (0); dream machine comparison (0); dream machine for business (0)",0,0,Pending
"LTX Studio",ltx-studio,"Video Generation",https://www.siteoptz.ai/reviews/ltx-studio,"ltx studio review",0,0.00,"unknown","ltx studio pricing (0); ltx studio features (0); ltx studio vs competitors (0); ltx studio alternatives (0); best video generation tools (0); ltx studio tutorial (0); ltx studio use cases (0); ltx studio comparison (0); ltx studio for business (0)",0,0,Pending
"Alpha Sense",alpha-sense,"Research & Education",https://www.siteoptz.ai/reviews/alpha-sense,"alpha sense review",0,0.00,"unknown","alpha sense pricing (0); alpha sense features (0); alpha sense vs competitors (0); alpha sense alternatives (0); best research & education tools (0); alpha sense tutorial (0); alpha sense use cases (0); alpha sense comparison (0); alpha sense for business (0)",0,0,Pending
"Meet Geek",meet-geek,"Productivity",https://www.siteoptz.ai/reviews/meet-geek,"meet geek review",0,0.00,"unknown","meet geek pricing (0); meet geek features (0); meet geek vs competitors (0); meet geek alternatives (0); best productivity tools (0); meet geek tutorial (0); meet geek use cases (0); meet geek comparison (0); meet geek for business (0)",0,0,Pending
"Read AI",read-ai,"Productivity",https://www.siteoptz.ai/reviews/read-ai,"read ai review",0,0.00,"unknown","read ai pricing (0); read ai features (0); read ai vs competitors (0); read ai alternatives (0); best productivity tools (0); read ai tutorial (0); read ai use cases (0); read ai comparison (0); read ai for business (0)",0,0,Pending
"GWI",gwi,"Content Creation",https://www.siteoptz.ai/reviews/gwi,"gwi review",0,0.00,"unknown","gwi pricing (0); gwi features (0); gwi vs competitors (0); gwi alternatives (0); best content creation tools (0); gwi tutorial (0); gwi use cases (0); gwi comparison (0); gwi for business (0)",0,0,Pending
"Research Pal",research-pal,"Research & Education",https://www.siteoptz.ai/reviews/research-pal,"research pal review",0,0.00,"unknown","research pal pricing (0); research pal features (0); research pal vs competitors (0); research pal alternatives (0); best research & education tools (0); research pal tutorial (0); research pal use cases (0); research pal comparison (0); research pal for business (0)",0,0,Pending
"Blaze AI",blaze-ai,"Content Creation",https://www.siteoptz.ai/reviews/blaze-ai,"blaze ai review",0,0.00,"unknown","blaze ai pricing (0); blaze ai features (0); blaze ai vs competitors (0); blaze ai alternatives (0); best content creation tools (0); blaze ai tutorial (0); blaze ai use cases (0); blaze ai comparison (0); blaze ai for business (0)",0,0,Pending
"GONG IO",gong-io,"Paid Search & PPC",https://www.siteoptz.ai/reviews/gong-io,"gong io review",0,0.00,"unknown","gong io pricing (0); gong io features (0); gong io vs competitors (0); gong io alternatives (0); best paid search & ppc tools (0); gong io tutorial (0); gong io use cases (0); gong io comparison (0); gong io for business (0)",0,0,Pending
"Apify",apify,"Paid Search & PPC",https://www.siteoptz.ai/reviews/apify,"apify review",0,0.00,"unknown","apify pricing (0); apify features (0); apify vs competitors (0); apify alternatives (0); best paid search & ppc tools (0); apify tutorial (0); apify use cases (0); apify comparison (0); apify for business (0)",0,0,Pending
"PPC IO",ppc-io,"Paid Search & PPC",https://www.siteoptz.ai/reviews/ppc-io,"ppc io review",0,0.00,"unknown","ppc io pricing (0); ppc io features (0); ppc io vs competitors (0); ppc io alternatives (0); best paid search & ppc tools (0); ppc io tutorial (0); ppc io use cases (0); ppc io comparison (0); ppc io for business (0)",0,0,Pending
"Reve Image",reve-image,"Image Generation",https://www.siteoptz.ai/reviews/reve-image,"reve image review",0,0.00,"unknown","reve image pricing (0); reve image features (0); reve image vs competitors (0); reve image alternatives (0); best image generation tools (0); reve image tutorial (0); reve image use cases (0); reve image comparison (0); reve image for business (0)",0,0,Pending
"Flux 1",flux-1,"Image Generation",https://www.siteoptz.ai/reviews/flux-1,"flux 1 review",0,0.00,"unknown","flux 1 pricing (0); flux 1 features (0); flux 1 vs competitors (0); flux 1 alternatives (0); best image generation tools (0); flux 1 tutorial (0); flux 1 use cases (0); flux 1 comparison (0); flux 1 for business (0)",0,0,Pending
"Ideogram",ideogram,"Image Generation",https://www.siteoptz.ai/reviews/ideogram,"ideogram review",0,0.00,"unknown","ideogram pricing (0); ideogram features (0); ideogram vs competitors (0); ideogram alternatives (0); best image generation tools (0); ideogram tutorial (0); ideogram use cases (0); ideogram comparison (0); ideogram for business (0)",0,0,Pending
"Gemini 2.5",gemini-25,"Image Generation",https://www.siteoptz.ai/reviews/gemini-25,"gemini 2.5 review",0,0.00,"unknown","gemini 2.5 pricing (0); gemini 2.5 features (0); gemini 2.5 vs competitors (0); gemini 2.5 alternatives (0); best image generation tools (0); gemini 2.5 tutorial (0); gemini 2.5 use cases (0); gemini 2.5 comparison (0); gemini 2.5 for business (0)",0,0,Pending