Tool Name,Slug,Category,Primary Keyword,Primary Volume,Primary CPC,Primary Competition,Secondary Keywords,Total Volume,Review URL
"Looka",looka,"Social Media","looka review",0,0.00,"unknown","looka pricing; looka features; looka vs competitors; looka alternatives; best social media tools; looka tutorial; looka use cases; looka comparison; looka for business",0,https://www.siteoptz.ai/reviews/looka
"Veo",veo,"Video Generation","veo review",0,0.00,"unknown","veo pricing; veo features; veo vs competitors; veo alternatives; best video generation tools; veo tutorial; veo use cases; veo comparison; veo for business",0,https://www.siteoptz.ai/reviews/veo
"Fathom",fathom,"Productivity","fathom review",0,0.00,"unknown","fathom pricing; fathom features; fathom vs competitors; fathom alternatives; best productivity tools; fathom tutorial; fathom use cases; fathom comparison; fathom for business",0,https://www.siteoptz.ai/reviews/fathom
"Rytr",rytr,"Content Creation","rytr review",0,0.00,"unknown","rytr pricing; rytr features; rytr vs competitors; rytr alternatives; best content creation tools; rytr tutorial; rytr use cases; rytr comparison; rytr for business",0,https://www.siteoptz.ai/reviews/rytr
"n8n",n8n,"AI Automation","n8n review",0,0.00,"unknown","n8n pricing; n8n features; n8n vs competitors; n8n alternatives; best ai automation tools; n8n tutorial; n8n use cases; n8n comparison; n8n for business",0,https://www.siteoptz.ai/reviews/n8n
"Suno",suno,"Content Creation","suno review",0,0.00,"unknown","suno pricing; suno features; suno vs competitors; suno alternatives; best content creation tools; suno tutorial; suno use cases; suno comparison; suno for business",0,https://www.siteoptz.ai/reviews/suno
"Guru",guru,"Productivity","guru review",0,0.00,"unknown","guru pricing; guru features; guru vs competitors; guru alternatives; best productivity tools; guru tutorial; guru use cases; guru comparison; guru for business",0,https://www.siteoptz.ai/reviews/guru
"AdCreative.ai",adcreative-ai,"Social Media","adcreative.ai review",0,0.00,"unknown","adcreative.ai pricing; adcreative.ai features; adcreative.ai vs competitors; adcreative.ai alternatives; best social media tools; adcreative.ai tutorial; adcreative.ai use cases; adcreative.ai comparison; adcreative.ai for business",0,https://www.siteoptz.ai/reviews/adcreative-ai
"Make",make,"AI Automation","make review",0,0.00,"unknown","make pricing; make features; make vs competitors; make alternatives; best ai automation tools; make tutorial; make use cases; make comparison; make for business",0,https://www.siteoptz.ai/reviews/make
"Kickresume",kickresume,"Productivity","kickresume review",0,0.00,"unknown","kickresume pricing; kickresume features; kickresume vs competitors; kickresume alternatives; best productivity tools; kickresume tutorial; kickresume use cases; kickresume comparison; kickresume for business",0,https://www.siteoptz.ai/reviews/kickresume
"Google Search",google-search,"Productivity","google search review",0,0.00,"unknown","google search pricing; google search features; google search vs competitors; google search alternatives; best productivity tools; google search tutorial; google search use cases; google search comparison; google search for business",0,https://www.siteoptz.ai/reviews/google-search
"Sudowrite",sudowrite,"Content Creation","sudowrite review",0,0.00,"unknown","sudowrite pricing; sudowrite features; sudowrite vs competitors; sudowrite alternatives; best content creation tools; sudowrite tutorial; sudowrite use cases; sudowrite comparison; sudowrite for business",0,https://www.siteoptz.ai/reviews/sudowrite
"HubSpot Email Marketing Tools",hubspot-email-marketing-tools,"Email Marketing","hubspot email marketing tools review",0,0.00,"unknown","hubspot email marketing tools pricing; hubspot email marketing tools features; hubspot email marketing tools vs competitors; hubspot email marketing tools alternatives; best email marketing tools; hubspot email marketing tools tutorial; hubspot email marketing tools use cases; hubspot email marketing tools comparison; hubspot email marketing tools for business",0,https://www.siteoptz.ai/reviews/hubspot-email-marketing-tools
"Gamma",gamma,"Social Media","gamma review",0,0.00,"unknown","gamma pricing; gamma features; gamma vs competitors; gamma alternatives; best social media tools; gamma tutorial; gamma use cases; gamma comparison; gamma for business",0,https://www.siteoptz.ai/reviews/gamma
"Clockwise",clockwise,"Productivity","clockwise review",0,0.00,"unknown","clockwise pricing; clockwise features; clockwise vs competitors; clockwise alternatives; best productivity tools; clockwise tutorial; clockwise use cases; clockwise comparison; clockwise for business",0,https://www.siteoptz.ai/reviews/clockwise
"Microsoft PowerPoint",microsoft-powerpoint,"Productivity","microsoft powerpoint review",0,0.00,"unknown","microsoft powerpoint pricing; microsoft powerpoint features; microsoft powerpoint vs competitors; microsoft powerpoint alternatives; best productivity tools; microsoft powerpoint tutorial; microsoft powerpoint use cases; microsoft powerpoint comparison; microsoft powerpoint for business",0,https://www.siteoptz.ai/reviews/microsoft-powerpoint
"Lanta AI",lanta-ai,"Video Generation","lanta ai review",0,0.00,"unknown","lanta ai pricing; lanta ai features; lanta ai vs competitors; lanta ai alternatives; best video generation tools; lanta ai tutorial; lanta ai use cases; lanta ai comparison; lanta ai for business",0,https://www.siteoptz.ai/reviews/lanta-ai
"Teal",teal,"Productivity","teal review",0,0.00,"unknown","teal pricing; teal features; teal vs competitors; teal alternatives; best productivity tools; teal tutorial; teal use cases; teal comparison; teal for business",0,https://www.siteoptz.ai/reviews/teal
"Fyxer",fyxer,"Productivity","fyxer review",0,0.00,"unknown","fyxer pricing; fyxer features; fyxer vs competitors; fyxer alternatives; best productivity tools; fyxer tutorial; fyxer use cases; fyxer comparison; fyxer for business",0,https://www.siteoptz.ai/reviews/fyxer
"Nyota",nyota,"Productivity","nyota review",0,0.00,"unknown","nyota pricing; nyota features; nyota vs competitors; nyota alternatives; best productivity tools; nyota tutorial; nyota use cases; nyota comparison; nyota for business",0,https://www.siteoptz.ai/reviews/nyota
"Lovable",lovable,"Code Generation","lovable review",0,0.00,"unknown","lovable pricing; lovable features; lovable vs competitors; lovable alternatives; best code generation tools; lovable tutorial; lovable use cases; lovable comparison; lovable for business",0,https://www.siteoptz.ai/reviews/lovable
"Udio",udio,"Content Creation","udio review",0,0.00,"unknown","udio pricing; udio features; udio vs competitors; udio alternatives; best content creation tools; udio tutorial; udio use cases; udio comparison; udio for business",0,https://www.siteoptz.ai/reviews/udio
"Reclaim.ai",reclaim-ai,"Productivity","reclaim.ai review",0,0.00,"unknown","reclaim.ai pricing; reclaim.ai features; reclaim.ai vs competitors; reclaim.ai alternatives; best productivity tools; reclaim.ai tutorial; reclaim.ai use cases; reclaim.ai comparison; reclaim.ai for business",0,https://www.siteoptz.ai/reviews/reclaim-ai
"Shortwave",shortwave,"Email Marketing","shortwave review",0,0.00,"unknown","shortwave pricing; shortwave features; shortwave vs competitors; shortwave alternatives; best email marketing tools; shortwave tutorial; shortwave use cases; shortwave comparison; shortwave for business",0,https://www.siteoptz.ai/reviews/shortwave
"LockedIn AI",lockedin-ai,"Productivity","lockedin ai review",0,0.00,"unknown","lockedin ai pricing; lockedin ai features; lockedin ai vs competitors; lockedin ai alternatives; best productivity tools; lockedin ai tutorial; lockedin ai use cases; lockedin ai comparison; lockedin ai for business",0,https://www.siteoptz.ai/reviews/lockedin-ai
"Grok",grok,"AI Automation","grok review",0,0.00,"unknown","grok pricing; grok features; grok vs competitors; grok alternatives; best ai automation tools; grok tutorial; grok use cases; grok comparison; grok for business",0,https://www.siteoptz.ai/reviews/grok
"AirOps",airops,"SEO & Optimization","airops review",0,0.00,"unknown","airops pricing; airops features; airops vs competitors; airops alternatives; best seo & optimization tools; airops tutorial; airops use cases; airops comparison; airops for business",0,https://www.siteoptz.ai/reviews/airops
"Deep Research",deep-research,"Research & Education","deep research review",0,0.00,"unknown","deep research pricing; deep research features; deep research vs competitors; deep research alternatives; best research & education tools; deep research tutorial; deep research use cases; deep research comparison; deep research for business",0,https://www.siteoptz.ai/reviews/deep-research
"VideoTube",videotube-ai,"Video Generation","videotube review",0,0.00,"unknown","videotube pricing; videotube features; videotube vs competitors; videotube alternatives; best video generation tools; videotube tutorial; videotube use cases; videotube comparison; videotube for business",0,https://www.siteoptz.ai/reviews/videotube-ai
"Macaron AI",macaron-ai,"AI Automation","macaron ai review",0,0.00,"unknown","macaron ai pricing; macaron ai features; macaron ai vs competitors; macaron ai alternatives; best ai automation tools; macaron ai tutorial; macaron ai use cases; macaron ai comparison; macaron ai for business",0,https://www.siteoptz.ai/reviews/macaron-ai
"ElevenLabs",elevenlabs,"Best Voice AI Tools","elevenlabs review",0,0.00,"unknown","elevenlabs pricing; elevenlabs features; elevenlabs vs competitors; elevenlabs alternatives; best best voice ai tools tools; elevenlabs tutorial; elevenlabs use cases; elevenlabs comparison; elevenlabs for business",0,https://www.siteoptz.ai/reviews/elevenlabs
"Explee",explee-ai,"Productivity","explee review",0,0.00,"unknown","explee pricing; explee features; explee vs competitors; explee alternatives; best productivity tools; explee tutorial; explee use cases; explee comparison; explee for business",0,https://www.siteoptz.ai/reviews/explee-ai
"Murph AI",murph-ai,"Best Voice AI Tools","murph ai review",0,0.00,"unknown","murph ai pricing; murph ai features; murph ai vs competitors; murph ai alternatives; best best voice ai tools tools; murph ai tutorial; murph ai use cases; murph ai comparison; murph ai for business",0,https://www.siteoptz.ai/reviews/murph-ai
"Play.ht",play-ht,"Best Voice AI Tools","play.ht review",0,0.00,"unknown","play.ht pricing; play.ht features; play.ht vs competitors; play.ht alternatives; best best voice ai tools tools; play.ht tutorial; play.ht use cases; play.ht comparison; play.ht for business",0,https://www.siteoptz.ai/reviews/play-ht
"Synthesys",synthesys,"Best Voice AI Tools","synthesys review",0,0.00,"unknown","synthesys pricing; synthesys features; synthesys vs competitors; synthesys alternatives; best best voice ai tools tools; synthesys tutorial; synthesys use cases; synthesys comparison; synthesys for business",0,https://www.siteoptz.ai/reviews/synthesys
"Wellsaid Labs",wellsaid-labs,"Best Voice AI Tools","wellsaid labs review",0,0.00,"unknown","wellsaid labs pricing; wellsaid labs features; wellsaid labs vs competitors; wellsaid labs alternatives; best best voice ai tools tools; wellsaid labs tutorial; wellsaid labs use cases; wellsaid labs comparison; wellsaid labs for business",0,https://www.siteoptz.ai/reviews/wellsaid-labs
"Amazon CodeWhisperer",amazon-codewhisperer,"Code Generation","amazon codewhisperer review",0,0.00,"unknown","amazon codewhisperer pricing; amazon codewhisperer features; amazon codewhisperer vs competitors; amazon codewhisperer alternatives; best code generation tools; amazon codewhisperer tutorial; amazon codewhisperer use cases; amazon codewhisperer comparison; amazon codewhisperer for business",0,https://www.siteoptz.ai/reviews/amazon-codewhisperer
"Cursor",cursor,"Code Generation","cursor review",0,0.00,"unknown","cursor pricing; cursor features; cursor vs competitors; cursor alternatives; best code generation tools; cursor tutorial; cursor use cases; cursor comparison; cursor for business",0,https://www.siteoptz.ai/reviews/cursor
"GitHub Copilot",github-copilot,"Code Generation","github copilot review",0,0.00,"unknown","github copilot pricing; github copilot features; github copilot vs competitors; github copilot alternatives; best code generation tools; github copilot tutorial; github copilot use cases; github copilot comparison; github copilot for business",0,https://www.siteoptz.ai/reviews/github-copilot
"Tabnine",tabnine,"Code Generation","tabnine review",0,0.00,"unknown","tabnine pricing; tabnine features; tabnine vs competitors; tabnine alternatives; best code generation tools; tabnine tutorial; tabnine use cases; tabnine comparison; tabnine for business",0,https://www.siteoptz.ai/reviews/tabnine
"Hugging Face",huggingface-transformers,"Code Generation","hugging face review",0,0.00,"unknown","hugging face pricing; hugging face features; hugging face vs competitors; hugging face alternatives; best code generation tools; hugging face tutorial; hugging face use cases; hugging face comparison; hugging face for business",0,https://www.siteoptz.ai/reviews/huggingface-transformers
"Replit Ghost",replit-ghost,"Code Generation","replit ghost review",0,0.00,"unknown","replit ghost pricing; replit ghost features; replit ghost vs competitors; replit ghost alternatives; best code generation tools; replit ghost tutorial; replit ghost use cases; replit ghost comparison; replit ghost for business",0,https://www.siteoptz.ai/reviews/replit-ghost
"ChatGPT",chatgpt,"Content Creation","chatgpt review",0,0.00,"unknown","chatgpt pricing; chatgpt features; chatgpt vs competitors; chatgpt alternatives; best content creation tools; chatgpt tutorial; chatgpt use cases; chatgpt comparison; chatgpt for business",0,https://www.siteoptz.ai/reviews/chatgpt
"Character.AI",anthropic-chatgpt-alternative,"Image Generation","character.ai review",0,0.00,"unknown","character.ai pricing; character.ai features; character.ai vs competitors; character.ai alternatives; best image generation tools; character.ai tutorial; character.ai use cases; character.ai comparison; character.ai for business",0,https://www.siteoptz.ai/reviews/anthropic-chatgpt-alternative
"Anthropic Claude",anthropic-claude,"Content Creation","anthropic claude review",0,0.00,"unknown","anthropic claude pricing; anthropic claude features; anthropic claude vs competitors; anthropic claude alternatives; best content creation tools; anthropic claude tutorial; anthropic claude use cases; anthropic claude comparison; anthropic claude for business",0,https://www.siteoptz.ai/reviews/anthropic-claude
"Cohere",cohere-ai,"Content Creation","cohere review",0,0.00,"unknown","cohere pricing; cohere features; cohere vs competitors; cohere alternatives; best content creation tools; cohere tutorial; cohere use cases; cohere comparison; cohere for business",0,https://www.siteoptz.ai/reviews/cohere-ai
"Copy.ai",copy-ai,"Content Creation","copy.ai review",0,0.00,"unknown","copy.ai pricing; copy.ai features; copy.ai vs competitors; copy.ai alternatives; best content creation tools; copy.ai tutorial; copy.ai use cases; copy.ai comparison; copy.ai for business",0,https://www.siteoptz.ai/reviews/copy-ai
"Claude",claude,"Content Creation","claude review",0,0.00,"unknown","claude pricing; claude features; claude vs competitors; claude alternatives; best content creation tools; claude tutorial; claude use cases; claude comparison; claude for business",0,https://www.siteoptz.ai/reviews/claude
"GPT-4",openai-gpt4,"Content Creation","gpt-4 review",0,0.00,"unknown","gpt-4 pricing; gpt-4 features; gpt-4 vs competitors; gpt-4 alternatives; best content creation tools; gpt-4 tutorial; gpt-4 use cases; gpt-4 comparison; gpt-4 for business",0,https://www.siteoptz.ai/reviews/openai-gpt4
"Jasper",jasper,"Content Creation","jasper review",0,0.00,"unknown","jasper pricing; jasper features; jasper vs competitors; jasper alternatives; best content creation tools; jasper tutorial; jasper use cases; jasper comparison; jasper for business",0,https://www.siteoptz.ai/reviews/jasper
"Jasper AI",jasper-ai,"Content Creation","jasper ai review",0,0.00,"unknown","jasper ai pricing; jasper ai features; jasper ai vs competitors; jasper ai alternatives; best content creation tools; jasper ai tutorial; jasper ai use cases; jasper ai comparison; jasper ai for business",0,https://www.siteoptz.ai/reviews/jasper-ai
"Writesonic",writesonic,"SEO & Optimization","writesonic review",0,0.00,"unknown","writesonic pricing; writesonic features; writesonic vs competitors; writesonic alternatives; best seo & optimization tools; writesonic tutorial; writesonic use cases; writesonic comparison; writesonic for business",0,https://www.siteoptz.ai/reviews/writesonic
"ChatGPT Enterprise",chatgpt-enterprise,"Data Analysis","chatgpt enterprise review",0,0.00,"unknown","chatgpt enterprise pricing; chatgpt enterprise features; chatgpt enterprise vs competitors; chatgpt enterprise alternatives; best data analysis tools; chatgpt enterprise tutorial; chatgpt enterprise use cases; chatgpt enterprise comparison; chatgpt enterprise for business",0,https://www.siteoptz.ai/reviews/chatgpt-enterprise
"Looker",looker,"Data Analysis","looker review",0,0.00,"unknown","looker pricing; looker features; looker vs competitors; looker alternatives; best data analysis tools; looker tutorial; looker use cases; looker comparison; looker for business",0,https://www.siteoptz.ai/reviews/looker
"Qlik Sense",qlik-sense,"Data Analysis","qlik sense review",0,0.00,"unknown","qlik sense pricing; qlik sense features; qlik sense vs competitors; qlik sense alternatives; best data analysis tools; qlik sense tutorial; qlik sense use cases; qlik sense comparison; qlik sense for business",0,https://www.siteoptz.ai/reviews/qlik-sense
"Power BI",power-bi,"Data Analysis","power bi review",0,0.00,"unknown","power bi pricing; power bi features; power bi vs competitors; power bi alternatives; best data analysis tools; power bi tutorial; power bi use cases; power bi comparison; power bi for business",0,https://www.siteoptz.ai/reviews/power-bi
"Tableau AI",tableau-ai,"Data Analysis","tableau ai review",0,0.00,"unknown","tableau ai pricing; tableau ai features; tableau ai vs competitors; tableau ai alternatives; best data analysis tools; tableau ai tutorial; tableau ai use cases; tableau ai comparison; tableau ai for business",0,https://www.siteoptz.ai/reviews/tableau-ai
"Mailchimp AI",mailchimp-ai,"Email Marketing","mailchimp ai review",0,0.00,"unknown","mailchimp ai pricing; mailchimp ai features; mailchimp ai vs competitors; mailchimp ai alternatives; best email marketing tools; mailchimp ai tutorial; mailchimp ai use cases; mailchimp ai comparison; mailchimp ai for business",0,https://www.siteoptz.ai/reviews/mailchimp-ai
"HubSpot AI",hubspot-ai,"Email Marketing","hubspot ai review",0,0.00,"unknown","hubspot ai pricing; hubspot ai features; hubspot ai vs competitors; hubspot ai alternatives; best email marketing tools; hubspot ai tutorial; hubspot ai use cases; hubspot ai comparison; hubspot ai for business",0,https://www.siteoptz.ai/reviews/hubspot-ai
"Adobe Firefly",adobe-firefly,"Image Generation","adobe firefly review",0,0.00,"unknown","adobe firefly pricing; adobe firefly features; adobe firefly vs competitors; adobe firefly alternatives; best image generation tools; adobe firefly tutorial; adobe firefly use cases; adobe firefly comparison; adobe firefly for business",0,https://www.siteoptz.ai/reviews/adobe-firefly
"DALL-E",dall-e,"Image Generation","dall-e review",0,0.00,"unknown","dall-e pricing; dall-e features; dall-e vs competitors; dall-e alternatives; best image generation tools; dall-e tutorial; dall-e use cases; dall-e comparison; dall-e for business",0,https://www.siteoptz.ai/reviews/dall-e
"Leonardo.ai",leonardo-ai,"Image Generation","leonardo.ai review",0,0.00,"unknown","leonardo.ai pricing; leonardo.ai features; leonardo.ai vs competitors; leonardo.ai alternatives; best image generation tools; leonardo.ai tutorial; leonardo.ai use cases; leonardo.ai comparison; leonardo.ai for business",0,https://www.siteoptz.ai/reviews/leonardo-ai
"Canva AI",canva-ai,"Social Media","canva ai review",0,0.00,"unknown","canva ai pricing; canva ai features; canva ai vs competitors; canva ai alternatives; best social media tools; canva ai tutorial; canva ai use cases; canva ai comparison; canva ai for business",0,https://www.siteoptz.ai/reviews/canva-ai
"Midjourney v6",midjourney,"Image Generation","midjourney v6 review",0,0.00,"unknown","midjourney v6 pricing; midjourney v6 features; midjourney v6 vs competitors; midjourney v6 alternatives; best image generation tools; midjourney v6 tutorial; midjourney v6 use cases; midjourney v6 comparison; midjourney v6 for business",0,https://www.siteoptz.ai/reviews/midjourney
"Replicate",replicate-ai,"Code Generation","replicate review",0,0.00,"unknown","replicate pricing; replicate features; replicate vs competitors; replicate alternatives; best code generation tools; replicate tutorial; replicate use cases; replicate comparison; replicate for business",0,https://www.siteoptz.ai/reviews/replicate-ai
"Stable Diffusion",stable-diffusion,"Image Generation","stable diffusion review",0,0.00,"unknown","stable diffusion pricing; stable diffusion features; stable diffusion vs competitors; stable diffusion alternatives; best image generation tools; stable diffusion tutorial; stable diffusion use cases; stable diffusion comparison; stable diffusion for business",0,https://www.siteoptz.ai/reviews/stable-diffusion
"Microsoft Copilot",microsoft-copilot,"Productivity","microsoft copilot review",0,0.00,"unknown","microsoft copilot pricing; microsoft copilot features; microsoft copilot vs competitors; microsoft copilot alternatives; best productivity tools; microsoft copilot tutorial; microsoft copilot use cases; microsoft copilot comparison; microsoft copilot for business",0,https://www.siteoptz.ai/reviews/microsoft-copilot
"Stable Diffusion Web",stability-ai-stable-diffusion,"Image Generation","stable diffusion web review",0,0.00,"unknown","stable diffusion web pricing; stable diffusion web features; stable diffusion web vs competitors; stable diffusion web alternatives; best image generation tools; stable diffusion web tutorial; stable diffusion web use cases; stable diffusion web comparison; stable diffusion web for business",0,https://www.siteoptz.ai/reviews/stability-ai-stable-diffusion
"Grammarly",grammarly,"Productivity","grammarly review",0,0.00,"unknown","grammarly pricing; grammarly features; grammarly vs competitors; grammarly alternatives; best productivity tools; grammarly tutorial; grammarly use cases; grammarly comparison; grammarly for business",0,https://www.siteoptz.ai/reviews/grammarly
"Notion AI",notion-ai,"Productivity","notion ai review",0,0.00,"unknown","notion ai pricing; notion ai features; notion ai vs competitors; notion ai alternatives; best productivity tools; notion ai tutorial; notion ai use cases; notion ai comparison; notion ai for business",0,https://www.siteoptz.ai/reviews/notion-ai
"Zapier AI",zapier-ai,"AI Automation","zapier ai review",0,0.00,"unknown","zapier ai pricing; zapier ai features; zapier ai vs competitors; zapier ai alternatives; best ai automation tools; zapier ai tutorial; zapier ai use cases; zapier ai comparison; zapier ai for business",0,https://www.siteoptz.ai/reviews/zapier-ai
"Trello Butler",trello-butler,"Productivity","trello butler review",0,0.00,"unknown","trello butler pricing; trello butler features; trello butler vs competitors; trello butler alternatives; best productivity tools; trello butler tutorial; trello butler use cases; trello butler comparison; trello butler for business",0,https://www.siteoptz.ai/reviews/trello-butler
"ChatPDF",chatpdf,"Research & Education","chatpdf review",0,0.00,"unknown","chatpdf pricing; chatpdf features; chatpdf vs competitors; chatpdf alternatives; best research & education tools; chatpdf tutorial; chatpdf use cases; chatpdf comparison; chatpdf for business",0,https://www.siteoptz.ai/reviews/chatpdf
"Elicit",elicit,"Research & Education","elicit review",0,0.00,"unknown","elicit pricing; elicit features; elicit vs competitors; elicit alternatives; best research & education tools; elicit tutorial; elicit use cases; elicit comparison; elicit for business",0,https://www.siteoptz.ai/reviews/elicit
"Consensus",consensus,"Research & Education","consensus review",0,0.00,"unknown","consensus pricing; consensus features; consensus vs competitors; consensus alternatives; best research & education tools; consensus tutorial; consensus use cases; consensus comparison; consensus for business",0,https://www.siteoptz.ai/reviews/consensus
"Perplexity AI",perplexity-ai,"Research & Education","perplexity ai review",0,0.00,"unknown","perplexity ai pricing; perplexity ai features; perplexity ai vs competitors; perplexity ai alternatives; best research & education tools; perplexity ai tutorial; perplexity ai use cases; perplexity ai comparison; perplexity ai for business",0,https://www.siteoptz.ai/reviews/perplexity-ai
"scite.ai",scite-ai,"Research & Education","scite.ai review",0,0.00,"unknown","scite.ai pricing; scite.ai features; scite.ai vs competitors; scite.ai alternatives; best research & education tools; scite.ai tutorial; scite.ai use cases; scite.ai comparison; scite.ai for business",0,https://www.siteoptz.ai/reviews/scite-ai
"Ahrefs AI",ahrefs-ai,"SEO & Optimization","ahrefs ai review",0,0.00,"unknown","ahrefs ai pricing; ahrefs ai features; ahrefs ai vs competitors; ahrefs ai alternatives; best seo & optimization tools; ahrefs ai tutorial; ahrefs ai use cases; ahrefs ai comparison; ahrefs ai for business",0,https://www.siteoptz.ai/reviews/ahrefs-ai
"Frase",frase,"SEO & Optimization","frase review",0,0.00,"unknown","frase pricing; frase features; frase vs competitors; frase alternatives; best seo & optimization tools; frase tutorial; frase use cases; frase comparison; frase for business",0,https://www.siteoptz.ai/reviews/frase
"Semrush AI",semrush-ai,"SEO & Optimization","semrush ai review",0,0.00,"unknown","semrush ai pricing; semrush ai features; semrush ai vs competitors; semrush ai alternatives; best seo & optimization tools; semrush ai tutorial; semrush ai use cases; semrush ai comparison; semrush ai for business",0,https://www.siteoptz.ai/reviews/semrush-ai
"Surfer SEO",surfer-seo,"SEO & Optimization","surfer seo review",0,0.00,"unknown","surfer seo pricing; surfer seo features; surfer seo vs competitors; surfer seo alternatives; best seo & optimization tools; surfer seo tutorial; surfer seo use cases; surfer seo comparison; surfer seo for business",0,https://www.siteoptz.ai/reviews/surfer-seo
"Kapwing",kapwing,"Video Generation","kapwing review",0,0.00,"unknown","kapwing pricing; kapwing features; kapwing vs competitors; kapwing alternatives; best video generation tools; kapwing tutorial; kapwing use cases; kapwing comparison; kapwing for business",0,https://www.siteoptz.ai/reviews/kapwing
"Buffer AI",buffer-ai,"Social Media","buffer ai review",0,0.00,"unknown","buffer ai pricing; buffer ai features; buffer ai vs competitors; buffer ai alternatives; best social media tools; buffer ai tutorial; buffer ai use cases; buffer ai comparison; buffer ai for business",0,https://www.siteoptz.ai/reviews/buffer-ai
"Hootsuite AI",hootsuite-ai,"Social Media","hootsuite ai review",0,0.00,"unknown","hootsuite ai pricing; hootsuite ai features; hootsuite ai vs competitors; hootsuite ai alternatives; best social media tools; hootsuite ai tutorial; hootsuite ai use cases; hootsuite ai comparison; hootsuite ai for business",0,https://www.siteoptz.ai/reviews/hootsuite-ai
"Lumen5",lumen5,"Video Generation","lumen5 review",0,0.00,"unknown","lumen5 pricing; lumen5 features; lumen5 vs competitors; lumen5 alternatives; best video generation tools; lumen5 tutorial; lumen5 use cases; lumen5 comparison; lumen5 for business",0,https://www.siteoptz.ai/reviews/lumen5
"Runway ML",runway-ml,"Video Generation","runway ml review",0,0.00,"unknown","runway ml pricing; runway ml features; runway ml vs competitors; runway ml alternatives; best video generation tools; runway ml tutorial; runway ml use cases; runway ml comparison; runway ml for business",0,https://www.siteoptz.ai/reviews/runway-ml
"Pictory",pictory,"Video Generation","pictory review",0,0.00,"unknown","pictory pricing; pictory features; pictory vs competitors; pictory alternatives; best video generation tools; pictory tutorial; pictory use cases; pictory comparison; pictory for business",0,https://www.siteoptz.ai/reviews/pictory
"Synthesia",synthesia,"Video Generation","synthesia review",0,0.00,"unknown","synthesia pricing; synthesia features; synthesia vs competitors; synthesia alternatives; best video generation tools; synthesia tutorial; synthesia use cases; synthesia comparison; synthesia for business",0,https://www.siteoptz.ai/reviews/synthesia
"Gemini",gemini,"Data Analysis","gemini review",0,0.00,"unknown","gemini pricing; gemini features; gemini vs competitors; gemini alternatives; best data analysis tools; gemini tutorial; gemini use cases; gemini comparison; gemini for business",0,https://www.siteoptz.ai/reviews/gemini
"Optmyzr",optmyzr,"Paid Search & PPC","optmyzr review",0,0.00,"unknown","optmyzr pricing; optmyzr features; optmyzr vs competitors; optmyzr alternatives; best paid search & ppc tools; optmyzr tutorial; optmyzr use cases; optmyzr comparison; optmyzr for business",0,https://www.siteoptz.ai/reviews/optmyzr
"Adzooma",adzooma,"Paid Search & PPC","adzooma review",0,0.00,"unknown","adzooma pricing; adzooma features; adzooma vs competitors; adzooma alternatives; best paid search & ppc tools; adzooma tutorial; adzooma use cases; adzooma comparison; adzooma for business",0,https://www.siteoptz.ai/reviews/adzooma
"AdEspresso",adespresso,"Paid Search & PPC","adespresso review",0,0.00,"unknown","adespresso pricing; adespresso features; adespresso vs competitors; adespresso alternatives; best paid search & ppc tools; adespresso tutorial; adespresso use cases; adespresso comparison; adespresso for business",0,https://www.siteoptz.ai/reviews/adespresso
"Wordstream",wordstream,"Paid Search & PPC","wordstream review",0,0.00,"unknown","wordstream pricing; wordstream features; wordstream vs competitors; wordstream alternatives; best paid search & ppc tools; wordstream tutorial; wordstream use cases; wordstream comparison; wordstream for business",0,https://www.siteoptz.ai/reviews/wordstream
"Marin Software",marin-software,"Paid Search & PPC","marin software review",0,0.00,"unknown","marin software pricing; marin software features; marin software vs competitors; marin software alternatives; best paid search & ppc tools; marin software tutorial; marin software use cases; marin software comparison; marin software for business",0,https://www.siteoptz.ai/reviews/marin-software
"Descript",descript,"Best Voice AI Tools","descript review",0,0.00,"unknown","descript pricing; descript features; descript vs competitors; descript alternatives; best best voice ai tools tools; descript tutorial; descript use cases; descript comparison; descript for business",0,https://www.siteoptz.ai/reviews/descript
"Resemble AI",resemble-ai,"Best Voice AI Tools","resemble ai review",0,0.00,"unknown","resemble ai pricing; resemble ai features; resemble ai vs competitors; resemble ai alternatives; best best voice ai tools tools; resemble ai tutorial; resemble ai use cases; resemble ai comparison; resemble ai for business",0,https://www.siteoptz.ai/reviews/resemble-ai
"Speechify",speechify,"Best Voice AI Tools","speechify review",0,0.00,"unknown","speechify pricing; speechify features; speechify vs competitors; speechify alternatives; best best voice ai tools tools; speechify tutorial; speechify use cases; speechify comparison; speechify for business",0,https://www.siteoptz.ai/reviews/speechify
"Replica Studios",replica-studios,"Best Voice AI Tools","replica studios review",0,0.00,"unknown","replica studios pricing; replica studios features; replica studios vs competitors; replica studios alternatives; best best voice ai tools tools; replica studios tutorial; replica studios use cases; replica studios comparison; replica studios for business",0,https://www.siteoptz.ai/reviews/replica-studios
"Ahrefs",ahrefs,"SEO & Optimization","ahrefs review",0,0.00,"unknown","ahrefs pricing; ahrefs features; ahrefs vs competitors; ahrefs alternatives; best seo & optimization tools; ahrefs tutorial; ahrefs use cases; ahrefs comparison; ahrefs for business",0,https://www.siteoptz.ai/reviews/ahrefs
"Moz Pro",moz-pro,"SEO & Optimization","moz pro review",0,0.00,"unknown","moz pro pricing; moz pro features; moz pro vs competitors; moz pro alternatives; best seo & optimization tools; moz pro tutorial; moz pro use cases; moz pro comparison; moz pro for business",0,https://www.siteoptz.ai/reviews/moz-pro
"Semrush",semrush,"SEO & Optimization","semrush review",0,0.00,"unknown","semrush pricing; semrush features; semrush vs competitors; semrush alternatives; best seo & optimization tools; semrush tutorial; semrush use cases; semrush comparison; semrush for business",0,https://www.siteoptz.ai/reviews/semrush
"Screaming Frog SEO Spider",screaming-frog-seo-spider,"SEO & Optimization","screaming frog seo spider review",0,0.00,"unknown","screaming frog seo spider pricing; screaming frog seo spider features; screaming frog seo spider vs competitors; screaming frog seo spider alternatives; best seo & optimization tools; screaming frog seo spider tutorial; screaming frog seo spider use cases; screaming frog seo spider comparison; screaming frog seo spider for business",0,https://www.siteoptz.ai/reviews/screaming-frog-seo-spider
"Hootsuite",hootsuite,"Social Media","hootsuite review",0,0.00,"unknown","hootsuite pricing; hootsuite features; hootsuite vs competitors; hootsuite alternatives; best social media tools; hootsuite tutorial; hootsuite use cases; hootsuite comparison; hootsuite for business",0,https://www.siteoptz.ai/reviews/hootsuite
"Buffer",buffer,"Social Media","buffer review",0,0.00,"unknown","buffer pricing; buffer features; buffer vs competitors; buffer alternatives; best social media tools; buffer tutorial; buffer use cases; buffer comparison; buffer for business",0,https://www.siteoptz.ai/reviews/buffer
"Sprout Social",sprout-social,"Social Media","sprout social review",0,0.00,"unknown","sprout social pricing; sprout social features; sprout social vs competitors; sprout social alternatives; best social media tools; sprout social tutorial; sprout social use cases; sprout social comparison; sprout social for business",0,https://www.siteoptz.ai/reviews/sprout-social
"Later",later,"Social Media","later review",0,0.00,"unknown","later pricing; later features; later vs competitors; later alternatives; best social media tools; later tutorial; later use cases; later comparison; later for business",0,https://www.siteoptz.ai/reviews/later
"Acquisio",acquisio,"Paid Search & PPC","acquisio review",0,0.00,"unknown","acquisio pricing; acquisio features; acquisio vs competitors; acquisio alternatives; best paid search & ppc tools; acquisio tutorial; acquisio use cases; acquisio comparison; acquisio for business",0,https://www.siteoptz.ai/reviews/acquisio
"Adalysis",adalysis,"Paid Search & PPC","adalysis review",0,0.00,"unknown","adalysis pricing; adalysis features; adalysis vs competitors; adalysis alternatives; best paid search & ppc tools; adalysis tutorial; adalysis use cases; adalysis comparison; adalysis for business",0,https://www.siteoptz.ai/reviews/adalysis
"Deepgram",deepgram,"Best Voice AI Tools","deepgram review",0,0.00,"unknown","deepgram pricing; deepgram features; deepgram vs competitors; deepgram alternatives; best best voice ai tools tools; deepgram tutorial; deepgram use cases; deepgram comparison; deepgram for business",0,https://www.siteoptz.ai/reviews/deepgram
"Rev",rev,"Best Voice AI Tools","rev review",0,0.00,"unknown","rev pricing; rev features; rev vs competitors; rev alternatives; best best voice ai tools tools; rev tutorial; rev use cases; rev comparison; rev for business",0,https://www.siteoptz.ai/reviews/rev
"Speechmatics",speechmatics,"Best Voice AI Tools","speechmatics review",0,0.00,"unknown","speechmatics pricing; speechmatics features; speechmatics vs competitors; speechmatics alternatives; best best voice ai tools tools; speechmatics tutorial; speechmatics use cases; speechmatics comparison; speechmatics for business",0,https://www.siteoptz.ai/reviews/speechmatics
"Windsurf",windsurf,"Code Generation","windsurf review",0,0.00,"unknown","windsurf pricing; windsurf features; windsurf vs competitors; windsurf alternatives; best code generation tools; windsurf tutorial; windsurf use cases; windsurf comparison; windsurf for business",0,https://www.siteoptz.ai/reviews/windsurf
"Otter.ai",otterai,"Best Voice AI Tools","otter.ai review",0,0.00,"unknown","otter.ai pricing; otter.ai features; otter.ai vs competitors; otter.ai alternatives; best best voice ai tools tools; otter.ai tutorial; otter.ai use cases; otter.ai comparison; otter.ai for business",0,https://www.siteoptz.ai/reviews/otterai
"DataRobot",datarobot,"Data Analysis","datarobot review",0,0.00,"unknown","datarobot pricing; datarobot features; datarobot vs competitors; datarobot alternatives; best data analysis tools; datarobot tutorial; datarobot use cases; datarobot comparison; datarobot for business",0,https://www.siteoptz.ai/reviews/datarobot
"Mailchimp",mailchimp,"Email Marketing","mailchimp review",0,0.00,"unknown","mailchimp pricing; mailchimp features; mailchimp vs competitors; mailchimp alternatives; best email marketing tools; mailchimp tutorial; mailchimp use cases; mailchimp comparison; mailchimp for business",0,https://www.siteoptz.ai/reviews/mailchimp
"Flux",flux,"Image Generation","flux review",0,0.00,"unknown","flux pricing; flux features; flux vs competitors; flux alternatives; best image generation tools; flux tutorial; flux use cases; flux comparison; flux for business",0,https://www.siteoptz.ai/reviews/flux
"Trace AI",trace-ai,"Productivity","trace ai review",0,0.00,"unknown","trace ai pricing; trace ai features; trace ai vs competitors; trace ai alternatives; best productivity tools; trace ai tutorial; trace ai use cases; trace ai comparison; trace ai for business",0,https://www.siteoptz.ai/reviews/trace-ai
"UX Pilot",ux-pilot,"Design","ux pilot review",0,0.00,"unknown","ux pilot pricing; ux pilot features; ux pilot vs competitors; ux pilot alternatives; best design tools; ux pilot tutorial; ux pilot use cases; ux pilot comparison; ux pilot for business",0,https://www.siteoptz.ai/reviews/ux-pilot
"RunwayML",runwayml,"Video Generation","runwayml review",0,0.00,"unknown","runwayml pricing; runwayml features; runwayml vs competitors; runwayml alternatives; best video generation tools; runwayml tutorial; runwayml use cases; runwayml comparison; runwayml for business",0,https://www.siteoptz.ai/reviews/runwayml
"Paperpal",paperpal,"Content Creation","paperpal review",0,0.00,"unknown","paperpal pricing; paperpal features; paperpal vs competitors; paperpal alternatives; best content creation tools; paperpal tutorial; paperpal use cases; paperpal comparison; paperpal for business",0,https://www.siteoptz.ai/reviews/paperpal
"Castmagic",castmagic,"Content Creation","castmagic review",0,0.00,"unknown","castmagic pricing; castmagic features; castmagic vs competitors; castmagic alternatives; best content creation tools; castmagic tutorial; castmagic use cases; castmagic comparison; castmagic for business",0,https://www.siteoptz.ai/reviews/castmagic
"Kleap",kleap-ai,"Website Builder","kleap review",0,0.00,"unknown","kleap pricing; kleap features; kleap vs competitors; kleap alternatives; best website builder tools; kleap tutorial; kleap use cases; kleap comparison; kleap for business",0,https://www.siteoptz.ai/reviews/kleap-ai
"Fireflies",fireflies,"AI Automation","fireflies review",0,0.00,"unknown","fireflies pricing; fireflies features; fireflies vs competitors; fireflies alternatives; best ai automation tools; fireflies tutorial; fireflies use cases; fireflies comparison; fireflies for business",0,https://www.siteoptz.ai/reviews/fireflies
"Motion",motion,"AI Automation","motion review",0,0.00,"unknown","motion pricing; motion features; motion vs competitors; motion alternatives; best ai automation tools; motion tutorial; motion use cases; motion comparison; motion for business",0,https://www.siteoptz.ai/reviews/motion
"Amazon Alexa",amazon-alexa,"AI Automation","amazon alexa review",0,0.00,"unknown","amazon alexa pricing; amazon alexa features; amazon alexa vs competitors; amazon alexa alternatives; best ai automation tools; amazon alexa tutorial; amazon alexa use cases; amazon alexa comparison; amazon alexa for business",0,https://www.siteoptz.ai/reviews/amazon-alexa
"Manus",manus,"AI Automation","manus review",0,0.00,"unknown","manus pricing; manus features; manus vs competitors; manus alternatives; best ai automation tools; manus tutorial; manus use cases; manus comparison; manus for business",0,https://www.siteoptz.ai/reviews/manus
"ClickUp",clickup,"AI Automation","clickup review",0,0.00,"unknown","clickup pricing; clickup features; clickup vs competitors; clickup alternatives; best ai automation tools; clickup tutorial; clickup use cases; clickup comparison; clickup for business",0,https://www.siteoptz.ai/reviews/clickup
"Gumloop",gumloop,"AI Automation","gumloop review",0,0.00,"unknown","gumloop pricing; gumloop features; gumloop vs competitors; gumloop alternatives; best ai automation tools; gumloop tutorial; gumloop use cases; gumloop comparison; gumloop for business",0,https://www.siteoptz.ai/reviews/gumloop
"Jamie AI",jamie-ai,"Productivity","jamie ai review",0,0.00,"unknown","jamie ai pricing; jamie ai features; jamie ai vs competitors; jamie ai alternatives; best productivity tools; jamie ai tutorial; jamie ai use cases; jamie ai comparison; jamie ai for business",0,https://www.siteoptz.ai/reviews/jamie-ai
"Dream Machine",dream-machine,"Video Generation","dream machine review",0,0.00,"unknown","dream machine pricing; dream machine features; dream machine vs competitors; dream machine alternatives; best video generation tools; dream machine tutorial; dream machine use cases; dream machine comparison; dream machine for business",0,https://www.siteoptz.ai/reviews/dream-machine
"LTX Studio",ltx-studio,"Video Generation","ltx studio review",0,0.00,"unknown","ltx studio pricing; ltx studio features; ltx studio vs competitors; ltx studio alternatives; best video generation tools; ltx studio tutorial; ltx studio use cases; ltx studio comparison; ltx studio for business",0,https://www.siteoptz.ai/reviews/ltx-studio
"Alpha Sense",alpha-sense,"Research & Education","alpha sense review",0,0.00,"unknown","alpha sense pricing; alpha sense features; alpha sense vs competitors; alpha sense alternatives; best research & education tools; alpha sense tutorial; alpha sense use cases; alpha sense comparison; alpha sense for business",0,https://www.siteoptz.ai/reviews/alpha-sense
"Meet Geek",meet-geek,"Productivity","meet geek review",0,0.00,"unknown","meet geek pricing; meet geek features; meet geek vs competitors; meet geek alternatives; best productivity tools; meet geek tutorial; meet geek use cases; meet geek comparison; meet geek for business",0,https://www.siteoptz.ai/reviews/meet-geek
"Read AI",read-ai,"Productivity","read ai review",0,0.00,"unknown","read ai pricing; read ai features; read ai vs competitors; read ai alternatives; best productivity tools; read ai tutorial; read ai use cases; read ai comparison; read ai for business",0,https://www.siteoptz.ai/reviews/read-ai
"GWI",gwi,"Content Creation","gwi review",0,0.00,"unknown","gwi pricing; gwi features; gwi vs competitors; gwi alternatives; best content creation tools; gwi tutorial; gwi use cases; gwi comparison; gwi for business",0,https://www.siteoptz.ai/reviews/gwi
"Research Pal",research-pal,"Research & Education","research pal review",0,0.00,"unknown","research pal pricing; research pal features; research pal vs competitors; research pal alternatives; best research & education tools; research pal tutorial; research pal use cases; research pal comparison; research pal for business",0,https://www.siteoptz.ai/reviews/research-pal
"Blaze AI",blaze-ai,"Content Creation","blaze ai review",0,0.00,"unknown","blaze ai pricing; blaze ai features; blaze ai vs competitors; blaze ai alternatives; best content creation tools; blaze ai tutorial; blaze ai use cases; blaze ai comparison; blaze ai for business",0,https://www.siteoptz.ai/reviews/blaze-ai
"GONG IO",gong-io,"Paid Search & PPC","gong io review",0,0.00,"unknown","gong io pricing; gong io features; gong io vs competitors; gong io alternatives; best paid search & ppc tools; gong io tutorial; gong io use cases; gong io comparison; gong io for business",0,https://www.siteoptz.ai/reviews/gong-io
"Apify",apify,"Paid Search & PPC","apify review",0,0.00,"unknown","apify pricing; apify features; apify vs competitors; apify alternatives; best paid search & ppc tools; apify tutorial; apify use cases; apify comparison; apify for business",0,https://www.siteoptz.ai/reviews/apify
"PPC IO",ppc-io,"Paid Search & PPC","ppc io review",0,0.00,"unknown","ppc io pricing; ppc io features; ppc io vs competitors; ppc io alternatives; best paid search & ppc tools; ppc io tutorial; ppc io use cases; ppc io comparison; ppc io for business",0,https://www.siteoptz.ai/reviews/ppc-io
"Reve Image",reve-image,"Image Generation","reve image review",0,0.00,"unknown","reve image pricing; reve image features; reve image vs competitors; reve image alternatives; best image generation tools; reve image tutorial; reve image use cases; reve image comparison; reve image for business",0,https://www.siteoptz.ai/reviews/reve-image
"Flux 1",flux-1,"Image Generation","flux 1 review",0,0.00,"unknown","flux 1 pricing; flux 1 features; flux 1 vs competitors; flux 1 alternatives; best image generation tools; flux 1 tutorial; flux 1 use cases; flux 1 comparison; flux 1 for business",0,https://www.siteoptz.ai/reviews/flux-1
"Ideogram",ideogram,"Image Generation","ideogram review",0,0.00,"unknown","ideogram pricing; ideogram features; ideogram vs competitors; ideogram alternatives; best image generation tools; ideogram tutorial; ideogram use cases; ideogram comparison; ideogram for business",0,https://www.siteoptz.ai/reviews/ideogram
"Gemini 2.5",gemini-25,"Image Generation","gemini 2.5 review",0,0.00,"unknown","gemini 2.5 pricing; gemini 2.5 features; gemini 2.5 vs competitors; gemini 2.5 alternatives; best image generation tools; gemini 2.5 tutorial; gemini 2.5 use cases; gemini 2.5 comparison; gemini 2.5 for business",0,https://www.siteoptz.ai/reviews/gemini-25